main(): Setting data_dir to "./data".
The value of 'nB_grid_spec' is: 301,10^(i*0.04-12)*2.0
The value of 'Ye_grid_spec' is: 70,0.01*(i+1)
The value of 'T_grid_spec' is: 160,0.1*1.046^i
eos_nuclei::generate_table(): No data. Creating new table.
eos_nuclei::new_table(): Beginning new table.
DEBUG: Calling eos_vary_dist() for nB=2.000000e-02, Ye=5.100000e-01, T=1.850752e-02 MeV
DEBUG: Calling eos_fixed_dist with nB=2.000000e-02 Ye=5.100000e-01 T=1.850752e-02 A_min=5 A_max=600 NmZ_min=-200 NmZ_max=200 log_xn=-2.500000e+00 log_xp=-1.640000e+00
DEBUG: Before calling msolve(), nB=2.000000e-02, Ye=5.100000e-01, T=1.850752e-02, log_xn=-2.500000e+00, log_xp=-1.640000e+00, A_min=5, A_max=600, NmZ_min=-200, NmZ_max=200
DEBUG: After calling msolve(), nB=2.000000e-02, Ye=5.100000e-01, T=1.850752e-02, log_xn=-2.500000e+00, log_xp=-1.640000e+00, A_min=5, A_max=600, NmZ_min=-200, NmZ_max=200
DEBUG: Before calling msolve(), nB=2.000000e-02, Ye=5.100000e-01, T=1.850752e-02, log_xn=-2.662541e+00, log_xp=-1.636490e+00, A_min=5, A_max=600, NmZ_min=-200, NmZ_max=200
DEBUG: After calling msolve(), nB=2.000000e-02, Ye=5.100000e-01, T=1.850752e-02, log_xn=-2.662541e+00, log_xp=-1.636490e+00, A_min=5, A_max=600, NmZ_min=-200, NmZ_max=200
DEBUG: Return eos_vary_dist() for nB=2.000000e-02, Ye=5.100000e-01, T=1.850752e-02 MeV
eos_nuclei::generate_table(): Ye_list: 0 1 2 3 4 5 6 7 8 9 10 11 12 13 14 15
16 17 18 19 20 21 22 23 24 25 26 27 28 29 30 31 32 33 34 35 36 37 38 39 40 41
42 43 44 45 46 47 48 49 50 51 52 53 54 55 56 57 58 59 60 61 62 63 64 65 66 67
68 69
eos_nuclei::generate_table(): Rank 0  tasks 26
eos_nuclei::generate_table(): Computing 0 / 26  ( 250 , 50 , 80 ) -> ( 249 , 49 , 79 )
  nB,Ye,T[MeV]: 1.824022e-02  5.000000e-01  3.491428e+00
DEBUG: Calling eos_fixed_dist with nB=1.824022e-02 Ye=5.000000e-01 T=1.769362e-02 A_min=5 A_max=600 NmZ_min=-200 NmZ_max=200 log_xn=-2.662541e+00 log_xp=-1.636490e+00
DEBUG: Before calling msolve(), nB=1.824022e-02, Ye=5.000000e-01, T=1.769362e-02, log_xn=-2.662541e+00, log_xp=-1.636490e+00, A_min=5, A_max=600, NmZ_min=-200, NmZ_max=200
DEBUG: After calling msolve(), nB=1.824022e-02, Ye=5.000000e-01, T=1.769362e-02, log_xn=-2.662541e+00, log_xp=-1.636490e+00, A_min=5, A_max=600, NmZ_min=-200, NmZ_max=200
DEBUG: Before calling msolve(), nB=1.824022e-02, Ye=5.000000e-01, T=1.769362e-02, log_xn=-2.581572e+00, log_xp=-1.830207e+00, A_min=5, A_max=600, NmZ_min=-200, NmZ_max=200
DEBUG: After calling msolve(), nB=1.824022e-02, Ye=5.000000e-01, T=1.769362e-02, log_xn=-2.581572e+00, log_xp=-1.830207e+00, A_min=5, A_max=600, NmZ_min=-200, NmZ_max=200
eos_nuclei::generate_table(): Point at (nB,Ye,T[MeV])=( 1.82402e-02 , 5.00000e-01 , 3.49143e+00 ), ret= 0 , 0 / 26
eos_nuclei::generate_table(): Computing 1 / 26  ( 250 , 50 , 80 ) -> ( 249 , 49 , 80 )
  nB,Ye,T[MeV]: 1.824022e-02  5.000000e-01  3.652034e+00
DEBUG: Calling eos_fixed_dist with nB=1.824022e-02 Ye=5.000000e-01 T=1.850752e-02 A_min=5 A_max=600 NmZ_min=-200 NmZ_max=200 log_xn=-2.662541e+00 log_xp=-1.636490e+00
DEBUG: Before calling msolve(), nB=1.824022e-02, Ye=5.000000e-01, T=1.850752e-02, log_xn=-2.662541e+00, log_xp=-1.636490e+00, A_min=5, A_max=600, NmZ_min=-200, NmZ_max=200
DEBUG: After calling msolve(), nB=1.824022e-02, Ye=5.000000e-01, T=1.850752e-02, log_xn=-2.662541e+00, log_xp=-1.636490e+00, A_min=5, A_max=600, NmZ_min=-200, NmZ_max=200
eos_nuclei::eos_fixed_dist(): Rank 0 finished after 1 minimizer calls.
DEBUG: Before calling msolve(), nB=1.824022e-02, Ye=5.000000e-01, T=1.850752e-02, log_xn=-2.453235e+00, log_xp=-1.775805e+00, A_min=5, A_max=600, NmZ_min=-200, NmZ_max=200
DEBUG: After calling msolve(), nB=1.824022e-02, Ye=5.000000e-01, T=1.850752e-02, log_xn=-2.453235e+00, log_xp=-1.775805e+00, A_min=5, A_max=600, NmZ_min=-200, NmZ_max=200
eos_nuclei::generate_table(): Point at (nB,Ye,T[MeV])=( 1.82402e-02 , 5.00000e-01 , 3.65203e+00 ), ret= 0 , 1 / 26
eos_nuclei::generate_table(): Computing 2 / 26  ( 250 , 50 , 80 ) -> ( 249 , 49 , 81 )
  nB,Ye,T[MeV]: 1.824022e-02  5.000000e-01  3.820027e+00
DEBUG: Calling eos_fixed_dist with nB=1.824022e-02 Ye=5.000000e-01 T=1.935887e-02 A_min=5 A_max=600 NmZ_min=-200 NmZ_max=200 log_xn=-2.662541e+00 log_xp=-1.636490e+00
DEBUG: Before calling msolve(), nB=1.824022e-02, Ye=5.000000e-01, T=1.935887e-02, log_xn=-2.662541e+00, log_xp=-1.636490e+00, A_min=5, A_max=600, NmZ_min=-200, NmZ_max=200
DEBUG: After calling msolve(), nB=1.824022e-02, Ye=5.000000e-01, T=1.935887e-02, log_xn=-2.662541e+00, log_xp=-1.636490e+00, A_min=5, A_max=600, NmZ_min=-200, NmZ_max=200
eos_nuclei::eos_fixed_dist(): Rank 0 finished after 1 minimizer calls.
DEBUG: Before calling msolve(), nB=1.824022e-02, Ye=5.000000e-01, T=1.935887e-02, log_xn=-2.327102e+00, log_xp=-1.724151e+00, A_min=5, A_max=600, NmZ_min=-200, NmZ_max=200
DEBUG: After calling msolve(), nB=1.824022e-02, Ye=5.000000e-01, T=1.935887e-02, log_xn=-2.327102e+00, log_xp=-1.724151e+00, A_min=5, A_max=600, NmZ_min=-200, NmZ_max=200
eos_nuclei::generate_table(): Point at (nB,Ye,T[MeV])=( 1.82402e-02 , 5.00000e-01 , 3.82003e+00 ), ret= 0 , 2 / 26
eos_nuclei::generate_table(): Computing 3 / 26  ( 250 , 50 , 80 ) -> ( 249 , 50 , 79 )
  nB,Ye,T[MeV]: 1.824022e-02  5.100000e-01  3.491428e+00
DEBUG: Calling eos_fixed_dist with nB=1.824022e-02 Ye=5.100000e-01 T=1.769362e-02 A_min=5 A_max=600 NmZ_min=-200 NmZ_max=200 log_xn=-2.662541e+00 log_xp=-1.636490e+00
DEBUG: Before calling msolve(), nB=1.824022e-02, Ye=5.100000e-01, T=1.769362e-02, log_xn=-2.662541e+00, log_xp=-1.636490e+00, A_min=5, A_max=600, NmZ_min=-200, NmZ_max=200
DEBUG: After calling msolve(), nB=1.824022e-02, Ye=5.100000e-01, T=1.769362e-02, log_xn=-2.662541e+00, log_xp=-1.636490e+00, A_min=5, A_max=600, NmZ_min=-200, NmZ_max=200
DEBUG: Before calling msolve(), nB=1.824022e-02, Ye=5.100000e-01, T=1.769362e-02, log_xn=-2.741914e+00, log_xp=-1.646264e+00, A_min=5, A_max=600, NmZ_min=-200, NmZ_max=200
DEBUG: After calling msolve(), nB=1.824022e-02, Ye=5.100000e-01, T=1.769362e-02, log_xn=-2.741914e+00, log_xp=-1.646264e+00, A_min=5, A_max=600, NmZ_min=-200, NmZ_max=200
eos_nuclei::generate_table(): Point at (nB,Ye,T[MeV])=( 1.82402e-02 , 5.10000e-01 , 3.49143e+00 ), ret= 0 , 3 / 26
eos_nuclei::generate_table(): Computing 4 / 26  ( 250 , 50 , 80 ) -> ( 249 , 50 , 80 )
  nB,Ye,T[MeV]: 1.824022e-02  5.100000e-01  3.652034e+00
DEBUG: Calling eos_fixed_dist with nB=1.824022e-02 Ye=5.100000e-01 T=1.850752e-02 A_min=5 A_max=600 NmZ_min=-200 NmZ_max=200 log_xn=-2.662541e+00 log_xp=-1.636490e+00
DEBUG: Before calling msolve(), nB=1.824022e-02, Ye=5.100000e-01, T=1.850752e-02, log_xn=-2.662541e+00, log_xp=-1.636490e+00, A_min=5, A_max=600, NmZ_min=-200, NmZ_max=200
DEBUG: After calling msolve(), nB=1.824022e-02, Ye=5.100000e-01, T=1.850752e-02, log_xn=-2.662541e+00, log_xp=-1.636490e+00, A_min=5, A_max=600, NmZ_min=-200, NmZ_max=200
eos_nuclei::eos_fixed_dist(): Rank 0 finished after 1 minimizer calls.
DEBUG: Before calling msolve(), nB=1.824022e-02, Ye=5.100000e-01, T=1.850752e-02, log_xn=-2.594354e+00, log_xp=-1.612570e+00, A_min=5, A_max=600, NmZ_min=-200, NmZ_max=200
DEBUG: After calling msolve(), nB=1.824022e-02, Ye=5.100000e-01, T=1.850752e-02, log_xn=-2.594354e+00, log_xp=-1.612570e+00, A_min=5, A_max=600, NmZ_min=-200, NmZ_max=200
eos_nuclei::generate_table(): Point at (nB,Ye,T[MeV])=( 1.82402e-02 , 5.10000e-01 , 3.65203e+00 ), ret= 0 , 4 / 26
eos_nuclei::generate_table(): Computing 5 / 26  ( 250 , 50 , 80 ) -> ( 249 , 50 , 81 )
  nB,Ye,T[MeV]: 1.824022e-02  5.100000e-01  3.820027e+00
DEBUG: Calling eos_fixed_dist with nB=1.824022e-02 Ye=5.100000e-01 T=1.935887e-02 A_min=5 A_max=600 NmZ_min=-200 NmZ_max=200 log_xn=-2.662541e+00 log_xp=-1.636490e+00
DEBUG: Before calling msolve(), nB=1.824022e-02, Ye=5.100000e-01, T=1.935887e-02, log_xn=-2.662541e+00, log_xp=-1.636490e+00, A_min=5, A_max=600, NmZ_min=-200, NmZ_max=200
DEBUG: After calling msolve(), nB=1.824022e-02, Ye=5.100000e-01, T=1.935887e-02, log_xn=-2.662541e+00, log_xp=-1.636490e+00, A_min=5, A_max=600, NmZ_min=-200, NmZ_max=200
eos_nuclei::eos_fixed_dist(): Rank 0 finished after 1 minimizer calls.
DEBUG: Before calling msolve(), nB=1.824022e-02, Ye=5.100000e-01, T=1.935887e-02, log_xn=-2.450784e+00, log_xp=-1.580088e+00, A_min=5, A_max=600, NmZ_min=-200, NmZ_max=200
DEBUG: After calling msolve(), nB=1.824022e-02, Ye=5.100000e-01, T=1.935887e-02, log_xn=-2.450784e+00, log_xp=-1.580088e+00, A_min=5, A_max=600, NmZ_min=-200, NmZ_max=200
eos_nuclei::generate_table(): Point at (nB,Ye,T[MeV])=( 1.82402e-02 , 5.10000e-01 , 3.82003e+00 ), ret= 0 , 5 / 26
eos_nuclei::generate_table(): Computing 6 / 26  ( 250 , 50 , 80 ) -> ( 249 , 51 , 79 )
  nB,Ye,T[MeV]: 1.824022e-02  5.200000e-01  3.491428e+00
DEBUG: Calling eos_fixed_dist with nB=1.824022e-02 Ye=5.200000e-01 T=1.769362e-02 A_min=5 A_max=600 NmZ_min=-200 NmZ_max=200 log_xn=-2.662541e+00 log_xp=-1.636490e+00
DEBUG: Before calling msolve(), nB=1.824022e-02, Ye=5.200000e-01, T=1.769362e-02, log_xn=-2.662541e+00, log_xp=-1.636490e+00, A_min=5, A_max=600, NmZ_min=-200, NmZ_max=200
DEBUG: After calling msolve(), nB=1.824022e-02, Ye=5.200000e-01, T=1.769362e-02, log_xn=-2.662541e+00, log_xp=-1.636490e+00, A_min=5, A_max=600, NmZ_min=-200, NmZ_max=200
DEBUG: Before calling msolve(), nB=1.824022e-02, Ye=5.200000e-01, T=1.769362e-02, log_xn=-2.862461e+00, log_xp=-1.499962e+00, A_min=5, A_max=600, NmZ_min=-200, NmZ_max=200
DEBUG: After calling msolve(), nB=1.824022e-02, Ye=5.200000e-01, T=1.769362e-02, log_xn=-2.862461e+00, log_xp=-1.499962e+00, A_min=5, A_max=600, NmZ_min=-200, NmZ_max=200
eos_nuclei::generate_table(): Point at (nB,Ye,T[MeV])=( 1.82402e-02 , 5.20000e-01 , 3.49143e+00 ), ret= 0 , 6 / 26
eos_nuclei::generate_table(): Computing 7 / 26  ( 250 , 50 , 80 ) -> ( 249 , 51 , 80 )
  nB,Ye,T[MeV]: 1.824022e-02  5.200000e-01  3.652034e+00
DEBUG: Calling eos_fixed_dist with nB=1.824022e-02 Ye=5.200000e-01 T=1.850752e-02 A_min=5 A_max=600 NmZ_min=-200 NmZ_max=200 log_xn=-2.662541e+00 log_xp=-1.636490e+00
DEBUG: Before calling msolve(), nB=1.824022e-02, Ye=5.200000e-01, T=1.850752e-02, log_xn=-2.662541e+00, log_xp=-1.636490e+00, A_min=5, A_max=600, NmZ_min=-200, NmZ_max=200
DEBUG: After calling msolve(), nB=1.824022e-02, Ye=5.200000e-01, T=1.850752e-02, log_xn=-2.662541e+00, log_xp=-1.636490e+00, A_min=5, A_max=600, NmZ_min=-200, NmZ_max=200
eos_nuclei::eos_fixed_dist(): Rank 0 finished after 1 minimizer calls.
DEBUG: Before calling msolve(), nB=1.824022e-02, Ye=5.200000e-01, T=1.850752e-02, log_xn=-2.705303e+00, log_xp=-1.476974e+00, A_min=5, A_max=600, NmZ_min=-200, NmZ_max=200
DEBUG: After calling msolve(), nB=1.824022e-02, Ye=5.200000e-01, T=1.850752e-02, log_xn=-2.705303e+00, log_xp=-1.476974e+00, A_min=5, A_max=600, NmZ_min=-200, NmZ_max=200
eos_nuclei::generate_table(): Point at (nB,Ye,T[MeV])=( 1.82402e-02 , 5.20000e-01 , 3.65203e+00 ), ret= 0 , 7 / 26
eos_nuclei::generate_table(): Computing 8 / 26  ( 250 , 50 , 80 ) -> ( 249 , 51 , 81 )
  nB,Ye,T[MeV]: 1.824022e-02  5.200000e-01  3.820027e+00
DEBUG: Calling eos_fixed_dist with nB=1.824022e-02 Ye=5.200000e-01 T=1.935887e-02 A_min=5 A_max=600 NmZ_min=-200 NmZ_max=200 log_xn=-2.662541e+00 log_xp=-1.636490e+00
DEBUG: Before calling msolve(), nB=1.824022e-02, Ye=5.200000e-01, T=1.935887e-02, log_xn=-2.662541e+00, log_xp=-1.636490e+00, A_min=5, A_max=600, NmZ_min=-200, NmZ_max=200
DEBUG: After calling msolve(), nB=1.824022e-02, Ye=5.200000e-01, T=1.935887e-02, log_xn=-2.662541e+00, log_xp=-1.636490e+00, A_min=5, A_max=600, NmZ_min=-200, NmZ_max=200
eos_nuclei::eos_fixed_dist(): Rank 0 finished after solve 0.
DEBUG: Before calling msolve(), nB=1.824022e-02, Ye=5.200000e-01, T=1.935887e-02, log_xn=-2.552194e+00, log_xp=-1.455552e+00, A_min=5, A_max=600, NmZ_min=-200, NmZ_max=200
DEBUG: After calling msolve(), nB=1.824022e-02, Ye=5.200000e-01, T=1.935887e-02, log_xn=-2.552194e+00, log_xp=-1.455552e+00, A_min=5, A_max=600, NmZ_min=-200, NmZ_max=200
eos_nuclei::generate_table(): Point at (nB,Ye,T[MeV])=( 1.82402e-02 , 5.20000e-01 , 3.82003e+00 ), ret= 0 , 8 / 26
eos_nuclei::generate_table(): Computing 9 / 26  ( 250 , 50 , 80 ) -> ( 250 , 49 , 79 )
  nB,Ye,T[MeV]: 2.000000e-02  5.000000e-01  3.491428e+00
DEBUG: Calling eos_fixed_dist with nB=2.000000e-02 Ye=5.000000e-01 T=1.769362e-02 A_min=5 A_max=600 NmZ_min=-200 NmZ_max=200 log_xn=-2.662541e+00 log_xp=-1.636490e+00
DEBUG: Before calling msolve(), nB=2.000000e-02, Ye=5.000000e-01, T=1.769362e-02, log_xn=-2.662541e+00, log_xp=-1.636490e+00, A_min=5, A_max=600, NmZ_min=-200, NmZ_max=200
DEBUG: After calling msolve(), nB=2.000000e-02, Ye=5.000000e-01, T=1.769362e-02, log_xn=-2.662541e+00, log_xp=-1.636490e+00, A_min=5, A_max=600, NmZ_min=-200, NmZ_max=200
DEBUG: Before calling msolve(), nB=2.000000e-02, Ye=5.000000e-01, T=1.769362e-02, log_xn=-2.640541e+00, log_xp=-1.866494e+00, A_min=5, A_max=600, NmZ_min=-200, NmZ_max=200
DEBUG: After calling msolve(), nB=2.000000e-02, Ye=5.000000e-01, T=1.769362e-02, log_xn=-2.640541e+00, log_xp=-1.866494e+00, A_min=5, A_max=600, NmZ_min=-200, NmZ_max=200
eos_nuclei::generate_table(): Point at (nB,Ye,T[MeV])=( 2.00000e-02 , 5.00000e-01 , 3.49143e+00 ), ret= 0 , 9 / 26
eos_nuclei::generate_table(): Computing 10 / 26  ( 250 , 50 , 80 ) -> ( 250 , 49 , 80 )
  nB,Ye,T[MeV]: 2.000000e-02  5.000000e-01  3.652034e+00
DEBUG: Calling eos_fixed_dist with nB=2.000000e-02 Ye=5.000000e-01 T=1.850752e-02 A_min=5 A_max=600 NmZ_min=-200 NmZ_max=200 log_xn=-2.662541e+00 log_xp=-1.636490e+00
DEBUG: Before calling msolve(), nB=2.000000e-02, Ye=5.000000e-01, T=1.850752e-02, log_xn=-2.662541e+00, log_xp=-1.636490e+00, A_min=5, A_max=600, NmZ_min=-200, NmZ_max=200
DEBUG: After calling msolve(), nB=2.000000e-02, Ye=5.000000e-01, T=1.850752e-02, log_xn=-2.662541e+00, log_xp=-1.636490e+00, A_min=5, A_max=600, NmZ_min=-200, NmZ_max=200
DEBUG: Before calling msolve(), nB=2.000000e-02, Ye=5.000000e-01, T=1.850752e-02, log_xn=-2.512624e+00, log_xp=-1.810518e+00, A_min=5, A_max=600, NmZ_min=-200, NmZ_max=200
DEBUG: After calling msolve(), nB=2.000000e-02, Ye=5.000000e-01, T=1.850752e-02, log_xn=-2.512624e+00, log_xp=-1.810518e+00, A_min=5, A_max=600, NmZ_min=-200, NmZ_max=200
eos_nuclei::generate_table(): Point at (nB,Ye,T[MeV])=( 2.00000e-02 , 5.00000e-01 , 3.65203e+00 ), ret= 0 , 10 / 26
eos_nuclei::generate_table(): Computing 11 / 26  ( 250 , 50 , 80 ) -> ( 250 , 49 , 81 )
  nB,Ye,T[MeV]: 2.000000e-02  5.000000e-01  3.820027e+00
DEBUG: Calling eos_fixed_dist with nB=2.000000e-02 Ye=5.000000e-01 T=1.935887e-02 A_min=5 A_max=600 NmZ_min=-200 NmZ_max=200 log_xn=-2.662541e+00 log_xp=-1.636490e+00
DEBUG: Before calling msolve(), nB=2.000000e-02, Ye=5.000000e-01, T=1.935887e-02, log_xn=-2.662541e+00, log_xp=-1.636490e+00, A_min=5, A_max=600, NmZ_min=-200, NmZ_max=200
DEBUG: After calling msolve(), nB=2.000000e-02, Ye=5.000000e-01, T=1.935887e-02, log_xn=-2.662541e+00, log_xp=-1.636490e+00, A_min=5, A_max=600, NmZ_min=-200, NmZ_max=200
eos_nuclei::eos_fixed_dist(): Rank 0 finished after 1 minimizer calls.
DEBUG: Before calling msolve(), nB=2.000000e-02, Ye=5.000000e-01, T=1.935887e-02, log_xn=-2.386864e+00, log_xp=-1.757308e+00, A_min=5, A_max=600, NmZ_min=-200, NmZ_max=200
DEBUG: After calling msolve(), nB=2.000000e-02, Ye=5.000000e-01, T=1.935887e-02, log_xn=-2.386864e+00, log_xp=-1.757308e+00, A_min=5, A_max=600, NmZ_min=-200, NmZ_max=200
eos_nuclei::generate_table(): Point at (nB,Ye,T[MeV])=( 2.00000e-02 , 5.00000e-01 , 3.82003e+00 ), ret= 0 , 11 / 26
eos_nuclei::generate_table(): Computing 12 / 26  ( 250 , 50 , 80 ) -> ( 250 , 50 , 79 )
  nB,Ye,T[MeV]: 2.000000e-02  5.100000e-01  3.491428e+00
DEBUG: Calling eos_fixed_dist with nB=2.000000e-02 Ye=5.100000e-01 T=1.769362e-02 A_min=5 A_max=600 NmZ_min=-200 NmZ_max=200 log_xn=-2.662541e+00 log_xp=-1.636490e+00
DEBUG: Before calling msolve(), nB=2.000000e-02, Ye=5.100000e-01, T=1.769362e-02, log_xn=-2.662541e+00, log_xp=-1.636490e+00, A_min=5, A_max=600, NmZ_min=-200, NmZ_max=200
DEBUG: After calling msolve(), nB=2.000000e-02, Ye=5.100000e-01, T=1.769362e-02, log_xn=-2.662541e+00, log_xp=-1.636490e+00, A_min=5, A_max=600, NmZ_min=-200, NmZ_max=200
DEBUG: Before calling msolve(), nB=2.000000e-02, Ye=5.100000e-01, T=1.769362e-02, log_xn=-2.810162e+00, log_xp=-1.671413e+00, A_min=5, A_max=600, NmZ_min=-200, NmZ_max=200
DEBUG: After calling msolve(), nB=2.000000e-02, Ye=5.100000e-01, T=1.769362e-02, log_xn=-2.810162e+00, log_xp=-1.671413e+00, A_min=5, A_max=600, NmZ_min=-200, NmZ_max=200
eos_nuclei::generate_table(): Point at (nB,Ye,T[MeV])=( 2.00000e-02 , 5.10000e-01 , 3.49143e+00 ), ret= 0 , 12 / 26
eos_nuclei::generate_table(): Computing 13 / 26  ( 250 , 50 , 80 ) -> ( 250 , 50 , 81 )
  nB,Ye,T[MeV]: 2.000000e-02  5.100000e-01  3.820027e+00
DEBUG: Calling eos_fixed_dist with nB=2.000000e-02 Ye=5.100000e-01 T=1.935887e-02 A_min=5 A_max=600 NmZ_min=-200 NmZ_max=200 log_xn=-2.662541e+00 log_xp=-1.636490e+00
DEBUG: Before calling msolve(), nB=2.000000e-02, Ye=5.100000e-01, T=1.935887e-02, log_xn=-2.662541e+00, log_xp=-1.636490e+00, A_min=5, A_max=600, NmZ_min=-200, NmZ_max=200
DEBUG: After calling msolve(), nB=2.000000e-02, Ye=5.100000e-01, T=1.935887e-02, log_xn=-2.662541e+00, log_xp=-1.636490e+00, A_min=5, A_max=600, NmZ_min=-200, NmZ_max=200
eos_nuclei::eos_fixed_dist(): Rank 0 finished after 1 minimizer calls.
DEBUG: Before calling msolve(), nB=2.000000e-02, Ye=5.100000e-01, T=1.935887e-02, log_xn=-2.518568e+00, log_xp=-1.603204e+00, A_min=5, A_max=600, NmZ_min=-200, NmZ_max=200
DEBUG: After calling msolve(), nB=2.000000e-02, Ye=5.100000e-01, T=1.935887e-02, log_xn=-2.518568e+00, log_xp=-1.603204e+00, A_min=5, A_max=600, NmZ_min=-200, NmZ_max=200
eos_nuclei::generate_table(): Point at (nB,Ye,T[MeV])=( 2.00000e-02 , 5.10000e-01 , 3.82003e+00 ), ret= 0 , 13 / 26
eos_nuclei::generate_table(): Computing 14 / 26  ( 250 , 50 , 80 ) -> ( 250 , 51 , 79 )
  nB,Ye,T[MeV]: 2.000000e-02  5.200000e-01  3.491428e+00
DEBUG: Calling eos_fixed_dist with nB=2.000000e-02 Ye=5.200000e-01 T=1.769362e-02 A_min=5 A_max=600 NmZ_min=-200 NmZ_max=200 log_xn=-2.662541e+00 log_xp=-1.636490e+00
DEBUG: Before calling msolve(), nB=2.000000e-02, Ye=5.200000e-01, T=1.769362e-02, log_xn=-2.662541e+00, log_xp=-1.636490e+00, A_min=5, A_max=600, NmZ_min=-200, NmZ_max=200
DEBUG: After calling msolve(), nB=2.000000e-02, Ye=5.200000e-01, T=1.769362e-02, log_xn=-2.662541e+00, log_xp=-1.636490e+00, A_min=5, A_max=600, NmZ_min=-200, NmZ_max=200
DEBUG: Before calling msolve(), nB=2.000000e-02, Ye=5.200000e-01, T=1.769362e-02, log_xn=-2.934160e+00, log_xp=-1.519692e+00, A_min=5, A_max=600, NmZ_min=-200, NmZ_max=200
DEBUG: After calling msolve(), nB=2.000000e-02, Ye=5.200000e-01, T=1.769362e-02, log_xn=-2.934160e+00, log_xp=-1.519692e+00, A_min=5, A_max=600, NmZ_min=-200, NmZ_max=200
eos_nuclei::generate_table(): Point at (nB,Ye,T[MeV])=( 2.00000e-02 , 5.20000e-01 , 3.49143e+00 ), ret= 0 , 14 / 26
eos_nuclei::generate_table(): Computing 15 / 26  ( 250 , 50 , 80 ) -> ( 250 , 51 , 80 )
  nB,Ye,T[MeV]: 2.000000e-02  5.200000e-01  3.652034e+00
DEBUG: Calling eos_fixed_dist with nB=2.000000e-02 Ye=5.200000e-01 T=1.850752e-02 A_min=5 A_max=600 NmZ_min=-200 NmZ_max=200 log_xn=-2.662541e+00 log_xp=-1.636490e+00
DEBUG: Before calling msolve(), nB=2.000000e-02, Ye=5.200000e-01, T=1.850752e-02, log_xn=-2.662541e+00, log_xp=-1.636490e+00, A_min=5, A_max=600, NmZ_min=-200, NmZ_max=200
DEBUG: After calling msolve(), nB=2.000000e-02, Ye=5.200000e-01, T=1.850752e-02, log_xn=-2.662541e+00, log_xp=-1.636490e+00, A_min=5, A_max=600, NmZ_min=-200, NmZ_max=200
DEBUG: Before calling msolve(), nB=2.000000e-02, Ye=5.200000e-01, T=1.850752e-02, log_xn=-2.776868e+00, log_xp=-1.495413e+00, A_min=5, A_max=600, NmZ_min=-200, NmZ_max=200
DEBUG: After calling msolve(), nB=2.000000e-02, Ye=5.200000e-01, T=1.850752e-02, log_xn=-2.776868e+00, log_xp=-1.495413e+00, A_min=5, A_max=600, NmZ_min=-200, NmZ_max=200
eos_nuclei::generate_table(): Point at (nB,Ye,T[MeV])=( 2.00000e-02 , 5.20000e-01 , 3.65203e+00 ), ret= 0 , 15 / 26
eos_nuclei::generate_table(): Computing 16 / 26  ( 250 , 50 , 80 ) -> ( 250 , 51 , 81 )
  nB,Ye,T[MeV]: 2.000000e-02  5.200000e-01  3.820027e+00
DEBUG: Calling eos_fixed_dist with nB=2.000000e-02 Ye=5.200000e-01 T=1.935887e-02 A_min=5 A_max=600 NmZ_min=-200 NmZ_max=200 log_xn=-2.662541e+00 log_xp=-1.636490e+00
DEBUG: Before calling msolve(), nB=2.000000e-02, Ye=5.200000e-01, T=1.935887e-02, log_xn=-2.662541e+00, log_xp=-1.636490e+00, A_min=5, A_max=600, NmZ_min=-200, NmZ_max=200
DEBUG: After calling msolve(), nB=2.000000e-02, Ye=5.200000e-01, T=1.935887e-02, log_xn=-2.662541e+00, log_xp=-1.636490e+00, A_min=5, A_max=600, NmZ_min=-200, NmZ_max=200
eos_nuclei::eos_fixed_dist(): Rank 0 finished after 1 minimizer calls.
DEBUG: Before calling msolve(), nB=2.000000e-02, Ye=5.200000e-01, T=1.935887e-02, log_xn=-2.623421e+00, log_xp=-1.473013e+00, A_min=5, A_max=600, NmZ_min=-200, NmZ_max=200
DEBUG: After calling msolve(), nB=2.000000e-02, Ye=5.200000e-01, T=1.935887e-02, log_xn=-2.623421e+00, log_xp=-1.473013e+00, A_min=5, A_max=600, NmZ_min=-200, NmZ_max=200
eos_nuclei::generate_table(): Point at (nB,Ye,T[MeV])=( 2.00000e-02 , 5.20000e-01 , 3.82003e+00 ), ret= 0 , 16 / 26
eos_nuclei::generate_table(): Computing 17 / 26  ( 250 , 50 , 80 ) -> ( 251 , 49 , 79 )
  nB,Ye,T[MeV]: 2.192956e-02  5.000000e-01  3.491428e+00
DEBUG: Calling eos_fixed_dist with nB=2.192956e-02 Ye=5.000000e-01 T=1.769362e-02 A_min=5 A_max=600 NmZ_min=-200 NmZ_max=200 log_xn=-2.662541e+00 log_xp=-1.636490e+00
DEBUG: Before calling msolve(), nB=2.192956e-02, Ye=5.000000e-01, T=1.769362e-02, log_xn=-2.662541e+00, log_xp=-1.636490e+00, A_min=5, A_max=600, NmZ_min=-200, NmZ_max=200
DEBUG: After calling msolve(), nB=2.192956e-02, Ye=5.000000e-01, T=1.769362e-02, log_xn=-2.662541e+00, log_xp=-1.636490e+00, A_min=5, A_max=600, NmZ_min=-200, NmZ_max=200
eos_nuclei::eos_fixed_dist(): Rank 0 finished after solve 0.
DEBUG: Before calling msolve(), nB=2.192956e-02, Ye=5.000000e-01, T=1.769362e-02, log_xn=-2.699455e+00, log_xp=-1.903227e+00, A_min=5, A_max=600, NmZ_min=-200, NmZ_max=200
DEBUG: After calling msolve(), nB=2.192956e-02, Ye=5.000000e-01, T=1.769362e-02, log_xn=-2.699455e+00, log_xp=-1.903227e+00, A_min=5, A_max=600, NmZ_min=-200, NmZ_max=200
eos_nuclei::generate_table(): Point at (nB,Ye,T[MeV])=( 2.19296e-02 , 5.00000e-01 , 3.49143e+00 ), ret= 0 , 17 / 26
eos_nuclei::generate_table(): Computing 18 / 26  ( 250 , 50 , 80 ) -> ( 251 , 49 , 80 )
  nB,Ye,T[MeV]: 2.192956e-02  5.000000e-01  3.652034e+00
DEBUG: Calling eos_fixed_dist with nB=2.192956e-02 Ye=5.000000e-01 T=1.850752e-02 A_min=5 A_max=600 NmZ_min=-200 NmZ_max=200 log_xn=-2.662541e+00 log_xp=-1.636490e+00
DEBUG: Before calling msolve(), nB=2.192956e-02, Ye=5.000000e-01, T=1.850752e-02, log_xn=-2.662541e+00, log_xp=-1.636490e+00, A_min=5, A_max=600, NmZ_min=-200, NmZ_max=200
DEBUG: After calling msolve(), nB=2.192956e-02, Ye=5.000000e-01, T=1.850752e-02, log_xn=-2.662541e+00, log_xp=-1.636490e+00, A_min=5, A_max=600, NmZ_min=-200, NmZ_max=200
DEBUG: Before calling msolve(), nB=2.192956e-02, Ye=5.000000e-01, T=1.850752e-02, log_xn=-2.571884e+00, log_xp=-1.845790e+00, A_min=5, A_max=600, NmZ_min=-200, NmZ_max=200
DEBUG: After calling msolve(), nB=2.192956e-02, Ye=5.000000e-01, T=1.850752e-02, log_xn=-2.571884e+00, log_xp=-1.845790e+00, A_min=5, A_max=600, NmZ_min=-200, NmZ_max=200
eos_nuclei::generate_table(): Point at (nB,Ye,T[MeV])=( 2.19296e-02 , 5.00000e-01 , 3.65203e+00 ), ret= 0 , 18 / 26
eos_nuclei::generate_table(): Computing 19 / 26  ( 250 , 50 , 80 ) -> ( 251 , 49 , 81 )
  nB,Ye,T[MeV]: 2.192956e-02  5.000000e-01  3.820027e+00
DEBUG: Calling eos_fixed_dist with nB=2.192956e-02 Ye=5.000000e-01 T=1.935887e-02 A_min=5 A_max=600 NmZ_min=-200 NmZ_max=200 log_xn=-2.662541e+00 log_xp=-1.636490e+00
DEBUG: Before calling msolve(), nB=2.192956e-02, Ye=5.000000e-01, T=1.935887e-02, log_xn=-2.662541e+00, log_xp=-1.636490e+00, A_min=5, A_max=600, NmZ_min=-200, NmZ_max=200
DEBUG: After calling msolve(), nB=2.192956e-02, Ye=5.000000e-01, T=1.935887e-02, log_xn=-2.662541e+00, log_xp=-1.636490e+00, A_min=5, A_max=600, NmZ_min=-200, NmZ_max=200
eos_nuclei::eos_fixed_dist(): Rank 0 finished after solve 0.
DEBUG: Before calling msolve(), nB=2.192956e-02, Ye=5.000000e-01, T=1.935887e-02, log_xn=-2.446442e+00, log_xp=-1.791126e+00, A_min=5, A_max=600, NmZ_min=-200, NmZ_max=200
DEBUG: After calling msolve(), nB=2.192956e-02, Ye=5.000000e-01, T=1.935887e-02, log_xn=-2.446442e+00, log_xp=-1.791126e+00, A_min=5, A_max=600, NmZ_min=-200, NmZ_max=200
eos_nuclei::generate_table(): Point at (nB,Ye,T[MeV])=( 2.19296e-02 , 5.00000e-01 , 3.82003e+00 ), ret= 0 , 19 / 26
eos_nuclei::generate_table(): Computing 20 / 26  ( 250 , 50 , 80 ) -> ( 251 , 50 , 79 )
  nB,Ye,T[MeV]: 2.192956e-02  5.100000e-01  3.491428e+00
DEBUG: Calling eos_fixed_dist with nB=2.192956e-02 Ye=5.100000e-01 T=1.769362e-02 A_min=5 A_max=600 NmZ_min=-200 NmZ_max=200 log_xn=-2.662541e+00 log_xp=-1.636490e+00
DEBUG: Before calling msolve(), nB=2.192956e-02, Ye=5.100000e-01, T=1.769362e-02, log_xn=-2.662541e+00, log_xp=-1.636490e+00, A_min=5, A_max=600, NmZ_min=-200, NmZ_max=200
DEBUG: After calling msolve(), nB=2.192956e-02, Ye=5.100000e-01, T=1.769362e-02, log_xn=-2.662541e+00, log_xp=-1.636490e+00, A_min=5, A_max=600, NmZ_min=-200, NmZ_max=200
eos_nuclei::eos_fixed_dist(): Rank 0 finished after solve 0.
DEBUG: Before calling msolve(), nB=2.192956e-02, Ye=5.100000e-01, T=1.769362e-02, log_xn=-2.877687e+00, log_xp=-1.697779e+00, A_min=5, A_max=600, NmZ_min=-200, NmZ_max=200
DEBUG: After calling msolve(), nB=2.192956e-02, Ye=5.100000e-01, T=1.769362e-02, log_xn=-2.877687e+00, log_xp=-1.697779e+00, A_min=5, A_max=600, NmZ_min=-200, NmZ_max=200
eos_nuclei::generate_table(): Point at (nB,Ye,T[MeV])=( 2.19296e-02 , 5.10000e-01 , 3.49143e+00 ), ret= 0 , 20 / 26
eos_nuclei::generate_table(): Computing 21 / 26  ( 250 , 50 , 80 ) -> ( 251 , 50 , 80 )
  nB,Ye,T[MeV]: 2.192956e-02  5.100000e-01  3.652034e+00
DEBUG: Calling eos_fixed_dist with nB=2.192956e-02 Ye=5.100000e-01 T=1.850752e-02 A_min=5 A_max=600 NmZ_min=-200 NmZ_max=200 log_xn=-2.662541e+00 log_xp=-1.636490e+00
DEBUG: Before calling msolve(), nB=2.192956e-02, Ye=5.100000e-01, T=1.850752e-02, log_xn=-2.662541e+00, log_xp=-1.636490e+00, A_min=5, A_max=600, NmZ_min=-200, NmZ_max=200
DEBUG: After calling msolve(), nB=2.192956e-02, Ye=5.100000e-01, T=1.850752e-02, log_xn=-2.662541e+00, log_xp=-1.636490e+00, A_min=5, A_max=600, NmZ_min=-200, NmZ_max=200
DEBUG: Before calling msolve(), nB=2.192956e-02, Ye=5.100000e-01, T=1.850752e-02, log_xn=-2.730285e+00, log_xp=-1.661293e+00, A_min=5, A_max=600, NmZ_min=-200, NmZ_max=200
DEBUG: After calling msolve(), nB=2.192956e-02, Ye=5.100000e-01, T=1.850752e-02, log_xn=-2.730285e+00, log_xp=-1.661293e+00, A_min=5, A_max=600, NmZ_min=-200, NmZ_max=200
eos_nuclei::generate_table(): Point at (nB,Ye,T[MeV])=( 2.19296e-02 , 5.10000e-01 , 3.65203e+00 ), ret= 0 , 21 / 26
eos_nuclei::generate_table(): Computing 22 / 26  ( 250 , 50 , 80 ) -> ( 251 , 50 , 81 )
  nB,Ye,T[MeV]: 2.192956e-02  5.100000e-01  3.820027e+00
DEBUG: Calling eos_fixed_dist with nB=2.192956e-02 Ye=5.100000e-01 T=1.935887e-02 A_min=5 A_max=600 NmZ_min=-200 NmZ_max=200 log_xn=-2.662541e+00 log_xp=-1.636490e+00
DEBUG: Before calling msolve(), nB=2.192956e-02, Ye=5.100000e-01, T=1.935887e-02, log_xn=-2.662541e+00, log_xp=-1.636490e+00, A_min=5, A_max=600, NmZ_min=-200, NmZ_max=200
DEBUG: After calling msolve(), nB=2.192956e-02, Ye=5.100000e-01, T=1.935887e-02, log_xn=-2.662541e+00, log_xp=-1.636490e+00, A_min=5, A_max=600, NmZ_min=-200, NmZ_max=200
DEBUG: Before calling msolve(), nB=2.192956e-02, Ye=5.100000e-01, T=1.935887e-02, log_xn=-2.586172e+00, log_xp=-1.626895e+00, A_min=5, A_max=600, NmZ_min=-200, NmZ_max=200
DEBUG: After calling msolve(), nB=2.192956e-02, Ye=5.100000e-01, T=1.935887e-02, log_xn=-2.586172e+00, log_xp=-1.626895e+00, A_min=5, A_max=600, NmZ_min=-200, NmZ_max=200
eos_nuclei::generate_table(): Point at (nB,Ye,T[MeV])=( 2.19296e-02 , 5.10000e-01 , 3.82003e+00 ), ret= 0 , 22 / 26
eos_nuclei::generate_table(): Computing 23 / 26  ( 250 , 50 , 80 ) -> ( 251 , 51 , 79 )
  nB,Ye,T[MeV]: 2.192956e-02  5.200000e-01  3.491428e+00
DEBUG: Calling eos_fixed_dist with nB=2.192956e-02 Ye=5.200000e-01 T=1.769362e-02 A_min=5 A_max=600 NmZ_min=-200 NmZ_max=200 log_xn=-2.662541e+00 log_xp=-1.636490e+00
DEBUG: Before calling msolve(), nB=2.192956e-02, Ye=5.200000e-01, T=1.769362e-02, log_xn=-2.662541e+00, log_xp=-1.636490e+00, A_min=5, A_max=600, NmZ_min=-200, NmZ_max=200
DEBUG: After calling msolve(), nB=2.192956e-02, Ye=5.200000e-01, T=1.769362e-02, log_xn=-2.662541e+00, log_xp=-1.636490e+00, A_min=5, A_max=600, NmZ_min=-200, NmZ_max=200
eos_nuclei::eos_fixed_dist(): Rank 0 finished after solve 0.
DEBUG: Before calling msolve(), nB=2.192956e-02, Ye=5.200000e-01, T=1.769362e-02, log_xn=-3.005221e+00, log_xp=-1.540496e+00, A_min=5, A_max=600, NmZ_min=-200, NmZ_max=200
DEBUG: After calling msolve(), nB=2.192956e-02, Ye=5.200000e-01, T=1.769362e-02, log_xn=-3.005221e+00, log_xp=-1.540496e+00, A_min=5, A_max=600, NmZ_min=-200, NmZ_max=200
eos_nuclei::generate_table(): Point at (nB,Ye,T[MeV])=( 2.19296e-02 , 5.20000e-01 , 3.49143e+00 ), ret= 0 , 23 / 26
eos_nuclei::generate_table(): Computing 24 / 26  ( 250 , 50 , 80 ) -> ( 251 , 51 , 80 )
  nB,Ye,T[MeV]: 2.192956e-02  5.200000e-01  3.652034e+00
DEBUG: Calling eos_fixed_dist with nB=2.192956e-02 Ye=5.200000e-01 T=1.850752e-02 A_min=5 A_max=600 NmZ_min=-200 NmZ_max=200 log_xn=-2.662541e+00 log_xp=-1.636490e+00
DEBUG: Before calling msolve(), nB=2.192956e-02, Ye=5.200000e-01, T=1.850752e-02, log_xn=-2.662541e+00, log_xp=-1.636490e+00, A_min=5, A_max=600, NmZ_min=-200, NmZ_max=200
DEBUG: After calling msolve(), nB=2.192956e-02, Ye=5.200000e-01, T=1.850752e-02, log_xn=-2.662541e+00, log_xp=-1.636490e+00, A_min=5, A_max=600, NmZ_min=-200, NmZ_max=200
DEBUG: Before calling msolve(), nB=2.192956e-02, Ye=5.200000e-01, T=1.850752e-02, log_xn=-2.847860e+00, log_xp=-1.514819e+00, A_min=5, A_max=600, NmZ_min=-200, NmZ_max=200
DEBUG: After calling msolve(), nB=2.192956e-02, Ye=5.200000e-01, T=1.850752e-02, log_xn=-2.847860e+00, log_xp=-1.514819e+00, A_min=5, A_max=600, NmZ_min=-200, NmZ_max=200
eos_nuclei::generate_table(): Point at (nB,Ye,T[MeV])=( 2.19296e-02 , 5.20000e-01 , 3.65203e+00 ), ret= 0 , 24 / 26
eos_nuclei::generate_table(): Computing 25 / 26  ( 250 , 50 , 80 ) -> ( 251 , 51 , 81 )
  nB,Ye,T[MeV]: 2.192956e-02  5.200000e-01  3.820027e+00
DEBUG: Calling eos_fixed_dist with nB=2.192956e-02 Ye=5.200000e-01 T=1.935887e-02 A_min=5 A_max=600 NmZ_min=-200 NmZ_max=200 log_xn=-2.662541e+00 log_xp=-1.636490e+00
DEBUG: Before calling msolve(), nB=2.192956e-02, Ye=5.200000e-01, T=1.935887e-02, log_xn=-2.662541e+00, log_xp=-1.636490e+00, A_min=5, A_max=600, NmZ_min=-200, NmZ_max=200
DEBUG: After calling msolve(), nB=2.192956e-02, Ye=5.200000e-01, T=1.935887e-02, log_xn=-2.662541e+00, log_xp=-1.636490e+00, A_min=5, A_max=600, NmZ_min=-200, NmZ_max=200
eos_nuclei::eos_fixed_dist(): Rank 0 finished after 1 minimizer calls.
DEBUG: Before calling msolve(), nB=2.192956e-02, Ye=5.200000e-01, T=1.935887e-02, log_xn=-2.694237e+00, log_xp=-1.491217e+00, A_min=5, A_max=600, NmZ_min=-200, NmZ_max=200
DEBUG: After calling msolve(), nB=2.192956e-02, Ye=5.200000e-01, T=1.935887e-02, log_xn=-2.694237e+00, log_xp=-1.491217e+00, A_min=5, A_max=600, NmZ_min=-200, NmZ_max=200
eos_nuclei::generate_table(): Point at (nB,Ye,T[MeV])=( 2.19296e-02 , 5.20000e-01 , 3.82003e+00 ), ret= 0 , 25 / 26
eos_nuclei::generate_table(): Rank 0  computed 26  out of 3371200 .
  0  percent done.
eos_nuclei::generate_table(): Ye_list: 0 1 2 3 4 5 6 7 8 9 10 11 12 13 14 15
16 17 18 19 20 21 22 23 24 25 26 27 28 29 30 31 32 33 34 35 36 37 38 39 40 41
42 43 44 45 46 47 48 49 50 51 52 53 54 55 56 57 58 59 60 61 62 63 64 65 66 67
68 69
eos_nuclei::generate_table(): Rank 0  tasks 98
eos_nuclei::generate_table(): Computing 0 / 98  ( 249 , 49 , 79 ) -> ( 248 , 48 , 78 )
  nB,Ye,T[MeV]: 1.663528e-02  4.900000e-01  3.337885e+00
DEBUG: Calling eos_fixed_dist with nB=1.663528e-02 Ye=4.900000e-01 T=1.691550e-02 A_min=5 A_max=600 NmZ_min=-200 NmZ_max=200 log_xn=-2.581572e+00 log_xp=-1.830207e+00
DEBUG: Before calling msolve(), nB=1.663528e-02, Ye=4.900000e-01, T=1.691550e-02, log_xn=-2.581572e+00, log_xp=-1.830207e+00, A_min=5, A_max=600, NmZ_min=-200, NmZ_max=200
DEBUG: After calling msolve(), nB=1.663528e-02, Ye=4.900000e-01, T=1.691550e-02, log_xn=-2.581572e+00, log_xp=-1.830207e+00, A_min=5, A_max=600, NmZ_min=-200, NmZ_max=200
DEBUG: Before calling msolve(), nB=1.663528e-02, Ye=4.900000e-01, T=1.691550e-02, log_xn=-2.487788e+00, log_xp=-2.031935e+00, A_min=5, A_max=600, NmZ_min=-200, NmZ_max=200
DEBUG: After calling msolve(), nB=1.663528e-02, Ye=4.900000e-01, T=1.691550e-02, log_xn=-2.487788e+00, log_xp=-2.031935e+00, A_min=5, A_max=600, NmZ_min=-200, NmZ_max=200
eos_nuclei::generate_table(): Point at (nB,Ye,T[MeV])=( 1.66353e-02 , 4.90000e-01 , 3.33789e+00 ), ret= 0 , 0 / 98
eos_nuclei::generate_table(): Computing 1 / 98  ( 249 , 49 , 79 ) -> ( 248 , 48 , 79 )
  nB,Ye,T[MeV]: 1.663528e-02  4.900000e-01  3.491428e+00
DEBUG: Calling eos_fixed_dist with nB=1.663528e-02 Ye=4.900000e-01 T=1.769362e-02 A_min=5 A_max=600 NmZ_min=-200 NmZ_max=200 log_xn=-2.581572e+00 log_xp=-1.830207e+00
DEBUG: Before calling msolve(), nB=1.663528e-02, Ye=4.900000e-01, T=1.769362e-02, log_xn=-2.581572e+00, log_xp=-1.830207e+00, A_min=5, A_max=600, NmZ_min=-200, NmZ_max=200
DEBUG: After calling msolve(), nB=1.663528e-02, Ye=4.900000e-01, T=1.769362e-02, log_xn=-2.581572e+00, log_xp=-1.830207e+00, A_min=5, A_max=600, NmZ_min=-200, NmZ_max=200
eos_nuclei::eos_fixed_dist(): Rank 0 finished after 1 minimizer calls.
DEBUG: Before calling msolve(), nB=1.663528e-02, Ye=4.900000e-01, T=1.769362e-02, log_xn=-2.374849e+00, log_xp=-1.957710e+00, A_min=5, A_max=600, NmZ_min=-200, NmZ_max=200
DEBUG: After calling msolve(), nB=1.663528e-02, Ye=4.900000e-01, T=1.769362e-02, log_xn=-2.374849e+00, log_xp=-1.957710e+00, A_min=5, A_max=600, NmZ_min=-200, NmZ_max=200
eos_nuclei::generate_table(): Point at (nB,Ye,T[MeV])=( 1.66353e-02 , 4.90000e-01 , 3.49143e+00 ), ret= 0 , 1 / 98
eos_nuclei::generate_table(): Computing 2 / 98  ( 249 , 49 , 79 ) -> ( 248 , 48 , 80 )
  nB,Ye,T[MeV]: 1.663528e-02  4.900000e-01  3.652034e+00
DEBUG: Calling eos_fixed_dist with nB=1.663528e-02 Ye=4.900000e-01 T=1.850752e-02 A_min=5 A_max=600 NmZ_min=-200 NmZ_max=200 log_xn=-2.581572e+00 log_xp=-1.830207e+00
DEBUG: Before calling msolve(), nB=1.663528e-02, Ye=4.900000e-01, T=1.850752e-02, log_xn=-2.581572e+00, log_xp=-1.830207e+00, A_min=5, A_max=600, NmZ_min=-200, NmZ_max=200
DEBUG: After calling msolve(), nB=1.663528e-02, Ye=4.900000e-01, T=1.850752e-02, log_xn=-2.581572e+00, log_xp=-1.830207e+00, A_min=5, A_max=600, NmZ_min=-200, NmZ_max=200
eos_nuclei::eos_fixed_dist(): Rank 0 finished after 1 minimizer calls.
DEBUG: Before calling msolve(), nB=1.663528e-02, Ye=4.900000e-01, T=1.850752e-02, log_xn=-2.262617e+00, log_xp=-1.887790e+00, A_min=5, A_max=600, NmZ_min=-200, NmZ_max=200
DEBUG: After calling msolve(), nB=1.663528e-02, Ye=4.900000e-01, T=1.850752e-02, log_xn=-2.262617e+00, log_xp=-1.887790e+00, A_min=5, A_max=600, NmZ_min=-200, NmZ_max=200
eos_nuclei::generate_table(): Point at (nB,Ye,T[MeV])=( 1.66353e-02 , 4.90000e-01 , 3.65203e+00 ), ret= 0 , 2 / 98
eos_nuclei::generate_table(): Computing 3 / 98  ( 249 , 49 , 80 ) -> ( 248 , 48 , 81 )
  nB,Ye,T[MeV]: 1.663528e-02  4.900000e-01  3.820027e+00
DEBUG: Calling eos_fixed_dist with nB=1.663528e-02 Ye=4.900000e-01 T=1.935887e-02 A_min=5 A_max=600 NmZ_min=-200 NmZ_max=200 log_xn=-2.453235e+00 log_xp=-1.775805e+00
DEBUG: Before calling msolve(), nB=1.663528e-02, Ye=4.900000e-01, T=1.935887e-02, log_xn=-2.453235e+00, log_xp=-1.775805e+00, A_min=5, A_max=600, NmZ_min=-200, NmZ_max=200
DEBUG: After calling msolve(), nB=1.663528e-02, Ye=4.900000e-01, T=1.935887e-02, log_xn=-2.453235e+00, log_xp=-1.775805e+00, A_min=5, A_max=600, NmZ_min=-200, NmZ_max=200
eos_nuclei::eos_fixed_dist(): Rank 0 finished after 1 minimizer calls.
DEBUG: Before calling msolve(), nB=1.663528e-02, Ye=4.900000e-01, T=1.935887e-02, log_xn=-2.150817e+00, log_xp=-1.822241e+00, A_min=5, A_max=600, NmZ_min=-200, NmZ_max=200
DEBUG: After calling msolve(), nB=1.663528e-02, Ye=4.900000e-01, T=1.935887e-02, log_xn=-2.150817e+00, log_xp=-1.822241e+00, A_min=5, A_max=600, NmZ_min=-200, NmZ_max=200
eos_nuclei::generate_table(): Point at (nB,Ye,T[MeV])=( 1.66353e-02 , 4.90000e-01 , 3.82003e+00 ), ret= 0 , 3 / 98
eos_nuclei::generate_table(): Computing 4 / 98  ( 249 , 49 , 81 ) -> ( 248 , 48 , 82 )
  nB,Ye,T[MeV]: 1.663528e-02  4.900000e-01  3.995748e+00
DEBUG: Calling eos_fixed_dist with nB=1.663528e-02 Ye=4.900000e-01 T=2.024938e-02 A_min=5 A_max=600 NmZ_min=-200 NmZ_max=200 log_xn=-2.327102e+00 log_xp=-1.724151e+00
DEBUG: Before calling msolve(), nB=1.663528e-02, Ye=4.900000e-01, T=2.024938e-02, log_xn=-2.327102e+00, log_xp=-1.724151e+00, A_min=5, A_max=600, NmZ_min=-200, NmZ_max=200
DEBUG: After calling msolve(), nB=1.663528e-02, Ye=4.900000e-01, T=2.024938e-02, log_xn=-2.327102e+00, log_xp=-1.724151e+00, A_min=5, A_max=600, NmZ_min=-200, NmZ_max=200
eos_nuclei::eos_fixed_dist(): Rank 0 finished after 1 minimizer calls.
DEBUG: Before calling msolve(), nB=1.663528e-02, Ye=4.900000e-01, T=2.024938e-02, log_xn=-2.039315e+00, log_xp=-1.760986e+00, A_min=5, A_max=600, NmZ_min=-200, NmZ_max=200
DEBUG: After calling msolve(), nB=1.663528e-02, Ye=4.900000e-01, T=2.024938e-02, log_xn=-2.039315e+00, log_xp=-1.760986e+00, A_min=5, A_max=600, NmZ_min=-200, NmZ_max=200
eos_nuclei::generate_table(): Point at (nB,Ye,T[MeV])=( 1.66353e-02 , 4.90000e-01 , 3.99575e+00 ), ret= 0 , 4 / 98
eos_nuclei::generate_table(): Computing 5 / 98  ( 249 , 49 , 79 ) -> ( 248 , 49 , 78 )
  nB,Ye,T[MeV]: 1.663528e-02  5.000000e-01  3.337885e+00
DEBUG: Calling eos_fixed_dist with nB=1.663528e-02 Ye=5.000000e-01 T=1.691550e-02 A_min=5 A_max=600 NmZ_min=-200 NmZ_max=200 log_xn=-2.581572e+00 log_xp=-1.830207e+00
DEBUG: Before calling msolve(), nB=1.663528e-02, Ye=5.000000e-01, T=1.691550e-02, log_xn=-2.581572e+00, log_xp=-1.830207e+00, A_min=5, A_max=600, NmZ_min=-200, NmZ_max=200
DEBUG: After calling msolve(), nB=1.663528e-02, Ye=5.000000e-01, T=1.691550e-02, log_xn=-2.581572e+00, log_xp=-1.830207e+00, A_min=5, A_max=600, NmZ_min=-200, NmZ_max=200
DEBUG: Before calling msolve(), nB=1.663528e-02, Ye=5.000000e-01, T=1.691550e-02, log_xn=-2.653543e+00, log_xp=-1.850216e+00, A_min=5, A_max=600, NmZ_min=-200, NmZ_max=200
DEBUG: After calling msolve(), nB=1.663528e-02, Ye=5.000000e-01, T=1.691550e-02, log_xn=-2.653543e+00, log_xp=-1.850216e+00, A_min=5, A_max=600, NmZ_min=-200, NmZ_max=200
eos_nuclei::generate_table(): Point at (nB,Ye,T[MeV])=( 1.66353e-02 , 5.00000e-01 , 3.33789e+00 ), ret= 0 , 5 / 98
eos_nuclei::generate_table(): Computing 6 / 98  ( 249 , 49 , 79 ) -> ( 248 , 49 , 79 )
  nB,Ye,T[MeV]: 1.663528e-02  5.000000e-01  3.491428e+00
DEBUG: Calling eos_fixed_dist with nB=1.663528e-02 Ye=5.000000e-01 T=1.769362e-02 A_min=5 A_max=600 NmZ_min=-200 NmZ_max=200 log_xn=-2.581572e+00 log_xp=-1.830207e+00
DEBUG: Before calling msolve(), nB=1.663528e-02, Ye=5.000000e-01, T=1.769362e-02, log_xn=-2.581572e+00, log_xp=-1.830207e+00, A_min=5, A_max=600, NmZ_min=-200, NmZ_max=200
DEBUG: After calling msolve(), nB=1.663528e-02, Ye=5.000000e-01, T=1.769362e-02, log_xn=-2.581572e+00, log_xp=-1.830207e+00, A_min=5, A_max=600, NmZ_min=-200, NmZ_max=200
eos_nuclei::eos_fixed_dist(): Rank 0 finished after 1 minimizer calls.
DEBUG: Before calling msolve(), nB=1.663528e-02, Ye=5.000000e-01, T=1.769362e-02, log_xn=-2.522317e+00, log_xp=-1.794688e+00, A_min=5, A_max=600, NmZ_min=-200, NmZ_max=200
DEBUG: After calling msolve(), nB=1.663528e-02, Ye=5.000000e-01, T=1.769362e-02, log_xn=-2.522317e+00, log_xp=-1.794688e+00, A_min=5, A_max=600, NmZ_min=-200, NmZ_max=200
eos_nuclei::generate_table(): Point at (nB,Ye,T[MeV])=( 1.66353e-02 , 5.00000e-01 , 3.49143e+00 ), ret= 0 , 6 / 98
eos_nuclei::generate_table(): Computing 7 / 98  ( 249 , 49 , 79 ) -> ( 248 , 49 , 80 )
  nB,Ye,T[MeV]: 1.663528e-02  5.000000e-01  3.652034e+00
DEBUG: Calling eos_fixed_dist with nB=1.663528e-02 Ye=5.000000e-01 T=1.850752e-02 A_min=5 A_max=600 NmZ_min=-200 NmZ_max=200 log_xn=-2.581572e+00 log_xp=-1.830207e+00
DEBUG: Before calling msolve(), nB=1.663528e-02, Ye=5.000000e-01, T=1.850752e-02, log_xn=-2.581572e+00, log_xp=-1.830207e+00, A_min=5, A_max=600, NmZ_min=-200, NmZ_max=200
DEBUG: After calling msolve(), nB=1.663528e-02, Ye=5.000000e-01, T=1.850752e-02, log_xn=-2.581572e+00, log_xp=-1.830207e+00, A_min=5, A_max=600, NmZ_min=-200, NmZ_max=200
eos_nuclei::eos_fixed_dist(): Rank 0 finished after 1 minimizer calls.
DEBUG: Before calling msolve(), nB=1.663528e-02, Ye=5.000000e-01, T=1.850752e-02, log_xn=-2.393535e+00, log_xp=-1.741927e+00, A_min=5, A_max=600, NmZ_min=-200, NmZ_max=200
DEBUG: After calling msolve(), nB=1.663528e-02, Ye=5.000000e-01, T=1.850752e-02, log_xn=-2.393535e+00, log_xp=-1.741927e+00, A_min=5, A_max=600, NmZ_min=-200, NmZ_max=200
eos_nuclei::generate_table(): Point at (nB,Ye,T[MeV])=( 1.66353e-02 , 5.00000e-01 , 3.65203e+00 ), ret= 0 , 7 / 98
eos_nuclei::generate_table(): Computing 8 / 98  ( 249 , 49 , 80 ) -> ( 248 , 49 , 81 )
  nB,Ye,T[MeV]: 1.663528e-02  5.000000e-01  3.820027e+00
DEBUG: Calling eos_fixed_dist with nB=1.663528e-02 Ye=5.000000e-01 T=1.935887e-02 A_min=5 A_max=600 NmZ_min=-200 NmZ_max=200 log_xn=-2.453235e+00 log_xp=-1.775805e+00
DEBUG: Before calling msolve(), nB=1.663528e-02, Ye=5.000000e-01, T=1.935887e-02, log_xn=-2.453235e+00, log_xp=-1.775805e+00, A_min=5, A_max=600, NmZ_min=-200, NmZ_max=200
DEBUG: After calling msolve(), nB=1.663528e-02, Ye=5.000000e-01, T=1.935887e-02, log_xn=-2.453235e+00, log_xp=-1.775805e+00, A_min=5, A_max=600, NmZ_min=-200, NmZ_max=200
DEBUG: Before calling msolve(), nB=1.663528e-02, Ye=5.000000e-01, T=1.935887e-02, log_xn=-2.267010e+00, log_xp=-1.691891e+00, A_min=5, A_max=600, NmZ_min=-200, NmZ_max=200
DEBUG: After calling msolve(), nB=1.663528e-02, Ye=5.000000e-01, T=1.935887e-02, log_xn=-2.267010e+00, log_xp=-1.691891e+00, A_min=5, A_max=600, NmZ_min=-200, NmZ_max=200
eos_nuclei::generate_table(): Point at (nB,Ye,T[MeV])=( 1.66353e-02 , 5.00000e-01 , 3.82003e+00 ), ret= 0 , 8 / 98
eos_nuclei::generate_table(): Computing 9 / 98  ( 249 , 49 , 81 ) -> ( 248 , 49 , 82 )
  nB,Ye,T[MeV]: 1.663528e-02  5.000000e-01  3.995748e+00
DEBUG: Calling eos_fixed_dist with nB=1.663528e-02 Ye=5.000000e-01 T=2.024938e-02 A_min=5 A_max=600 NmZ_min=-200 NmZ_max=200 log_xn=-2.327102e+00 log_xp=-1.724151e+00
DEBUG: Before calling msolve(), nB=1.663528e-02, Ye=5.000000e-01, T=2.024938e-02, log_xn=-2.327102e+00, log_xp=-1.724151e+00, A_min=5, A_max=600, NmZ_min=-200, NmZ_max=200
DEBUG: After calling msolve(), nB=1.663528e-02, Ye=5.000000e-01, T=2.024938e-02, log_xn=-2.327102e+00, log_xp=-1.724151e+00, A_min=5, A_max=600, NmZ_min=-200, NmZ_max=200
eos_nuclei::eos_fixed_dist(): Rank 0 finished after 1 minimizer calls.
DEBUG: Before calling msolve(), nB=1.663528e-02, Ye=5.000000e-01, T=2.024938e-02, log_xn=-2.142608e+00, log_xp=-1.644488e+00, A_min=5, A_max=600, NmZ_min=-200, NmZ_max=200
DEBUG: After calling msolve(), nB=1.663528e-02, Ye=5.000000e-01, T=2.024938e-02, log_xn=-2.142608e+00, log_xp=-1.644488e+00, A_min=5, A_max=600, NmZ_min=-200, NmZ_max=200
eos_nuclei::generate_table(): Point at (nB,Ye,T[MeV])=( 1.66353e-02 , 5.00000e-01 , 3.99575e+00 ), ret= 0 , 9 / 98
eos_nuclei::generate_table(): Computing 10 / 98  ( 249 , 49 , 79 ) -> ( 248 , 50 , 78 )
  nB,Ye,T[MeV]: 1.663528e-02  5.100000e-01  3.337885e+00
DEBUG: Calling eos_fixed_dist with nB=1.663528e-02 Ye=5.100000e-01 T=1.691550e-02 A_min=5 A_max=600 NmZ_min=-200 NmZ_max=200 log_xn=-2.581572e+00 log_xp=-1.830207e+00
DEBUG: Before calling msolve(), nB=1.663528e-02, Ye=5.100000e-01, T=1.691550e-02, log_xn=-2.581572e+00, log_xp=-1.830207e+00, A_min=5, A_max=600, NmZ_min=-200, NmZ_max=200
DEBUG: After calling msolve(), nB=1.663528e-02, Ye=5.100000e-01, T=1.691550e-02, log_xn=-2.581572e+00, log_xp=-1.830207e+00, A_min=5, A_max=600, NmZ_min=-200, NmZ_max=200
DEBUG: Before calling msolve(), nB=1.663528e-02, Ye=5.100000e-01, T=1.691550e-02, log_xn=-2.824519e+00, log_xp=-1.656258e+00, A_min=5, A_max=600, NmZ_min=-200, NmZ_max=200
DEBUG: After calling msolve(), nB=1.663528e-02, Ye=5.100000e-01, T=1.691550e-02, log_xn=-2.824519e+00, log_xp=-1.656258e+00, A_min=5, A_max=600, NmZ_min=-200, NmZ_max=200
eos_nuclei::generate_table(): Point at (nB,Ye,T[MeV])=( 1.66353e-02 , 5.10000e-01 , 3.33789e+00 ), ret= 0 , 10 / 98
eos_nuclei::generate_table(): Computing 11 / 98  ( 249 , 49 , 79 ) -> ( 248 , 50 , 79 )
  nB,Ye,T[MeV]: 1.663528e-02  5.100000e-01  3.491428e+00
DEBUG: Calling eos_fixed_dist with nB=1.663528e-02 Ye=5.100000e-01 T=1.769362e-02 A_min=5 A_max=600 NmZ_min=-200 NmZ_max=200 log_xn=-2.581572e+00 log_xp=-1.830207e+00
DEBUG: Before calling msolve(), nB=1.663528e-02, Ye=5.100000e-01, T=1.769362e-02, log_xn=-2.581572e+00, log_xp=-1.830207e+00, A_min=5, A_max=600, NmZ_min=-200, NmZ_max=200
DEBUG: After calling msolve(), nB=1.663528e-02, Ye=5.100000e-01, T=1.769362e-02, log_xn=-2.581572e+00, log_xp=-1.830207e+00, A_min=5, A_max=600, NmZ_min=-200, NmZ_max=200
eos_nuclei::eos_fixed_dist(): Rank 0 finished after 1 minimizer calls.
DEBUG: Before calling msolve(), nB=1.663528e-02, Ye=5.100000e-01, T=1.769362e-02, log_xn=-2.673130e+00, log_xp=-1.622152e+00, A_min=5, A_max=600, NmZ_min=-200, NmZ_max=200
DEBUG: After calling msolve(), nB=1.663528e-02, Ye=5.100000e-01, T=1.769362e-02, log_xn=-2.673130e+00, log_xp=-1.622152e+00, A_min=5, A_max=600, NmZ_min=-200, NmZ_max=200
eos_nuclei::generate_table(): Point at (nB,Ye,T[MeV])=( 1.66353e-02 , 5.10000e-01 , 3.49143e+00 ), ret= 0 , 11 / 98
eos_nuclei::generate_table(): Computing 12 / 98  ( 249 , 49 , 79 ) -> ( 248 , 50 , 80 )
  nB,Ye,T[MeV]: 1.663528e-02  5.100000e-01  3.652034e+00
DEBUG: Calling eos_fixed_dist with nB=1.663528e-02 Ye=5.100000e-01 T=1.850752e-02 A_min=5 A_max=600 NmZ_min=-200 NmZ_max=200 log_xn=-2.581572e+00 log_xp=-1.830207e+00
DEBUG: Before calling msolve(), nB=1.663528e-02, Ye=5.100000e-01, T=1.850752e-02, log_xn=-2.581572e+00, log_xp=-1.830207e+00, A_min=5, A_max=600, NmZ_min=-200, NmZ_max=200
DEBUG: After calling msolve(), nB=1.663528e-02, Ye=5.100000e-01, T=1.850752e-02, log_xn=-2.581572e+00, log_xp=-1.830207e+00, A_min=5, A_max=600, NmZ_min=-200, NmZ_max=200
eos_nuclei::eos_fixed_dist(): Rank 0 finished after 1 minimizer calls.
DEBUG: Before calling msolve(), nB=1.663528e-02, Ye=5.100000e-01, T=1.850752e-02, log_xn=-2.525912e+00, log_xp=-1.589363e+00, A_min=5, A_max=600, NmZ_min=-200, NmZ_max=200
DEBUG: After calling msolve(), nB=1.663528e-02, Ye=5.100000e-01, T=1.850752e-02, log_xn=-2.525912e+00, log_xp=-1.589363e+00, A_min=5, A_max=600, NmZ_min=-200, NmZ_max=200
eos_nuclei::generate_table(): Point at (nB,Ye,T[MeV])=( 1.66353e-02 , 5.10000e-01 , 3.65203e+00 ), ret= 0 , 12 / 98
eos_nuclei::generate_table(): Computing 13 / 98  ( 249 , 49 , 80 ) -> ( 248 , 50 , 81 )
  nB,Ye,T[MeV]: 1.663528e-02  5.100000e-01  3.820027e+00
DEBUG: Calling eos_fixed_dist with nB=1.663528e-02 Ye=5.100000e-01 T=1.935887e-02 A_min=5 A_max=600 NmZ_min=-200 NmZ_max=200 log_xn=-2.453235e+00 log_xp=-1.775805e+00
DEBUG: Before calling msolve(), nB=1.663528e-02, Ye=5.100000e-01, T=1.935887e-02, log_xn=-2.453235e+00, log_xp=-1.775805e+00, A_min=5, A_max=600, NmZ_min=-200, NmZ_max=200
DEBUG: After calling msolve(), nB=1.663528e-02, Ye=5.100000e-01, T=1.935887e-02, log_xn=-2.453235e+00, log_xp=-1.775805e+00, A_min=5, A_max=600, NmZ_min=-200, NmZ_max=200
eos_nuclei::eos_fixed_dist(): Rank 0 finished after 1 minimizer calls.
DEBUG: Before calling msolve(), nB=1.663528e-02, Ye=5.100000e-01, T=1.935887e-02, log_xn=-2.382983e+00, log_xp=-1.557423e+00, A_min=5, A_max=600, NmZ_min=-200, NmZ_max=200
DEBUG: After calling msolve(), nB=1.663528e-02, Ye=5.100000e-01, T=1.935887e-02, log_xn=-2.382983e+00, log_xp=-1.557423e+00, A_min=5, A_max=600, NmZ_min=-200, NmZ_max=200
eos_nuclei::generate_table(): Point at (nB,Ye,T[MeV])=( 1.66353e-02 , 5.10000e-01 , 3.82003e+00 ), ret= 0 , 13 / 98
eos_nuclei::generate_table(): Computing 14 / 98  ( 249 , 49 , 81 ) -> ( 248 , 50 , 82 )
  nB,Ye,T[MeV]: 1.663528e-02  5.100000e-01  3.995748e+00
DEBUG: Calling eos_fixed_dist with nB=1.663528e-02 Ye=5.100000e-01 T=2.024938e-02 A_min=5 A_max=600 NmZ_min=-200 NmZ_max=200 log_xn=-2.327102e+00 log_xp=-1.724151e+00
DEBUG: Before calling msolve(), nB=1.663528e-02, Ye=5.100000e-01, T=2.024938e-02, log_xn=-2.327102e+00, log_xp=-1.724151e+00, A_min=5, A_max=600, NmZ_min=-200, NmZ_max=200
DEBUG: After calling msolve(), nB=1.663528e-02, Ye=5.100000e-01, T=2.024938e-02, log_xn=-2.327102e+00, log_xp=-1.724151e+00, A_min=5, A_max=600, NmZ_min=-200, NmZ_max=200
eos_nuclei::eos_fixed_dist(): Rank 0 finished after 1 minimizer calls.
DEBUG: Before calling msolve(), nB=1.663528e-02, Ye=5.100000e-01, T=2.024938e-02, log_xn=-2.244372e+00, log_xp=-1.525976e+00, A_min=5, A_max=600, NmZ_min=-200, NmZ_max=200
DEBUG: After calling msolve(), nB=1.663528e-02, Ye=5.100000e-01, T=2.024938e-02, log_xn=-2.244372e+00, log_xp=-1.525976e+00, A_min=5, A_max=600, NmZ_min=-200, NmZ_max=200
eos_nuclei::generate_table(): Point at (nB,Ye,T[MeV])=( 1.66353e-02 , 5.10000e-01 , 3.99575e+00 ), ret= 0 , 14 / 98
eos_nuclei::generate_table(): Computing 15 / 98  ( 249 , 50 , 79 ) -> ( 248 , 51 , 78 )
  nB,Ye,T[MeV]: 1.663528e-02  5.200000e-01  3.337885e+00
DEBUG: Calling eos_fixed_dist with nB=1.663528e-02 Ye=5.200000e-01 T=1.691550e-02 A_min=5 A_max=600 NmZ_min=-200 NmZ_max=200 log_xn=-2.741914e+00 log_xp=-1.646264e+00
DEBUG: Before calling msolve(), nB=1.663528e-02, Ye=5.200000e-01, T=1.691550e-02, log_xn=-2.741914e+00, log_xp=-1.646264e+00, A_min=5, A_max=600, NmZ_min=-200, NmZ_max=200
DEBUG: After calling msolve(), nB=1.663528e-02, Ye=5.200000e-01, T=1.691550e-02, log_xn=-2.741914e+00, log_xp=-1.646264e+00, A_min=5, A_max=600, NmZ_min=-200, NmZ_max=200
DEBUG: Before calling msolve(), nB=1.663528e-02, Ye=5.200000e-01, T=1.691550e-02, log_xn=-2.951216e+00, log_xp=-1.504926e+00, A_min=5, A_max=600, NmZ_min=-200, NmZ_max=200
DEBUG: After calling msolve(), nB=1.663528e-02, Ye=5.200000e-01, T=1.691550e-02, log_xn=-2.951216e+00, log_xp=-1.504926e+00, A_min=5, A_max=600, NmZ_min=-200, NmZ_max=200
eos_nuclei::generate_table(): Point at (nB,Ye,T[MeV])=( 1.66353e-02 , 5.20000e-01 , 3.33789e+00 ), ret= 0 , 15 / 98
eos_nuclei::generate_table(): Computing 16 / 98  ( 249 , 50 , 79 ) -> ( 248 , 51 , 79 )
  nB,Ye,T[MeV]: 1.663528e-02  5.200000e-01  3.491428e+00
DEBUG: Calling eos_fixed_dist with nB=1.663528e-02 Ye=5.200000e-01 T=1.769362e-02 A_min=5 A_max=600 NmZ_min=-200 NmZ_max=200 log_xn=-2.741914e+00 log_xp=-1.646264e+00
DEBUG: Before calling msolve(), nB=1.663528e-02, Ye=5.200000e-01, T=1.769362e-02, log_xn=-2.741914e+00, log_xp=-1.646264e+00, A_min=5, A_max=600, NmZ_min=-200, NmZ_max=200
DEBUG: After calling msolve(), nB=1.663528e-02, Ye=5.200000e-01, T=1.769362e-02, log_xn=-2.741914e+00, log_xp=-1.646264e+00, A_min=5, A_max=600, NmZ_min=-200, NmZ_max=200
DEBUG: Before calling msolve(), nB=1.663528e-02, Ye=5.200000e-01, T=1.769362e-02, log_xn=-2.790158e+00, log_xp=-1.481300e+00, A_min=5, A_max=600, NmZ_min=-200, NmZ_max=200
DEBUG: After calling msolve(), nB=1.663528e-02, Ye=5.200000e-01, T=1.769362e-02, log_xn=-2.790158e+00, log_xp=-1.481300e+00, A_min=5, A_max=600, NmZ_min=-200, NmZ_max=200
eos_nuclei::generate_table(): Point at (nB,Ye,T[MeV])=( 1.66353e-02 , 5.20000e-01 , 3.49143e+00 ), ret= 0 , 16 / 98
eos_nuclei::generate_table(): Computing 17 / 98  ( 249 , 50 , 79 ) -> ( 248 , 51 , 80 )
  nB,Ye,T[MeV]: 1.663528e-02  5.200000e-01  3.652034e+00
DEBUG: Calling eos_fixed_dist with nB=1.663528e-02 Ye=5.200000e-01 T=1.850752e-02 A_min=5 A_max=600 NmZ_min=-200 NmZ_max=200 log_xn=-2.741914e+00 log_xp=-1.646264e+00
DEBUG: Before calling msolve(), nB=1.663528e-02, Ye=5.200000e-01, T=1.850752e-02, log_xn=-2.741914e+00, log_xp=-1.646264e+00, A_min=5, A_max=600, NmZ_min=-200, NmZ_max=200
DEBUG: After calling msolve(), nB=1.663528e-02, Ye=5.200000e-01, T=1.850752e-02, log_xn=-2.741914e+00, log_xp=-1.646264e+00, A_min=5, A_max=600, NmZ_min=-200, NmZ_max=200
eos_nuclei::eos_fixed_dist(): Rank 0 finished after solve 0.
DEBUG: Before calling msolve(), nB=1.663528e-02, Ye=5.200000e-01, T=1.850752e-02, log_xn=-2.633275e+00, log_xp=-1.459406e+00, A_min=5, A_max=600, NmZ_min=-200, NmZ_max=200
DEBUG: After calling msolve(), nB=1.663528e-02, Ye=5.200000e-01, T=1.850752e-02, log_xn=-2.633275e+00, log_xp=-1.459406e+00, A_min=5, A_max=600, NmZ_min=-200, NmZ_max=200
eos_nuclei::generate_table(): Point at (nB,Ye,T[MeV])=( 1.66353e-02 , 5.20000e-01 , 3.65203e+00 ), ret= 0 , 17 / 98
eos_nuclei::generate_table(): Computing 18 / 98  ( 249 , 50 , 80 ) -> ( 248 , 51 , 81 )
  nB,Ye,T[MeV]: 1.663528e-02  5.200000e-01  3.820027e+00
DEBUG: Calling eos_fixed_dist with nB=1.663528e-02 Ye=5.200000e-01 T=1.935887e-02 A_min=5 A_max=600 NmZ_min=-200 NmZ_max=200 log_xn=-2.594354e+00 log_xp=-1.612570e+00
DEBUG: Before calling msolve(), nB=1.663528e-02, Ye=5.200000e-01, T=1.935887e-02, log_xn=-2.594354e+00, log_xp=-1.612570e+00, A_min=5, A_max=600, NmZ_min=-200, NmZ_max=200
DEBUG: After calling msolve(), nB=1.663528e-02, Ye=5.200000e-01, T=1.935887e-02, log_xn=-2.594354e+00, log_xp=-1.612570e+00, A_min=5, A_max=600, NmZ_min=-200, NmZ_max=200
DEBUG: Before calling msolve(), nB=1.663528e-02, Ye=5.200000e-01, T=1.935887e-02, log_xn=-2.480734e+00, log_xp=-1.438662e+00, A_min=5, A_max=600, NmZ_min=-200, NmZ_max=200
DEBUG: After calling msolve(), nB=1.663528e-02, Ye=5.200000e-01, T=1.935887e-02, log_xn=-2.480734e+00, log_xp=-1.438662e+00, A_min=5, A_max=600, NmZ_min=-200, NmZ_max=200
eos_nuclei::generate_table(): Point at (nB,Ye,T[MeV])=( 1.66353e-02 , 5.20000e-01 , 3.82003e+00 ), ret= 0 , 18 / 98
eos_nuclei::generate_table(): Computing 19 / 98  ( 249 , 50 , 81 ) -> ( 248 , 51 , 82 )
  nB,Ye,T[MeV]: 1.663528e-02  5.200000e-01  3.995748e+00
DEBUG: Calling eos_fixed_dist with nB=1.663528e-02 Ye=5.200000e-01 T=2.024938e-02 A_min=5 A_max=600 NmZ_min=-200 NmZ_max=200 log_xn=-2.450784e+00 log_xp=-1.580088e+00
DEBUG: Before calling msolve(), nB=1.663528e-02, Ye=5.200000e-01, T=2.024938e-02, log_xn=-2.450784e+00, log_xp=-1.580088e+00, A_min=5, A_max=600, NmZ_min=-200, NmZ_max=200
DEBUG: After calling msolve(), nB=1.663528e-02, Ye=5.200000e-01, T=2.024938e-02, log_xn=-2.450784e+00, log_xp=-1.580088e+00, A_min=5, A_max=600, NmZ_min=-200, NmZ_max=200
eos_nuclei::eos_fixed_dist(): Rank 0 finished after 1 minimizer calls.
DEBUG: Before calling msolve(), nB=1.663528e-02, Ye=5.200000e-01, T=2.024938e-02, log_xn=-2.332814e+00, log_xp=-1.418347e+00, A_min=5, A_max=600, NmZ_min=-200, NmZ_max=200
DEBUG: After calling msolve(), nB=1.663528e-02, Ye=5.200000e-01, T=2.024938e-02, log_xn=-2.332814e+00, log_xp=-1.418347e+00, A_min=5, A_max=600, NmZ_min=-200, NmZ_max=200
eos_nuclei::generate_table(): Point at (nB,Ye,T[MeV])=( 1.66353e-02 , 5.20000e-01 , 3.99575e+00 ), ret= 0 , 19 / 98
eos_nuclei::generate_table(): Computing 20 / 98  ( 249 , 51 , 79 ) -> ( 248 , 52 , 78 )
  nB,Ye,T[MeV]: 1.663528e-02  5.300000e-01  3.337885e+00
DEBUG: Calling eos_fixed_dist with nB=1.663528e-02 Ye=5.300000e-01 T=1.691550e-02 A_min=5 A_max=600 NmZ_min=-200 NmZ_max=200 log_xn=-2.862463e+00 log_xp=-1.499959e+00
DEBUG: Before calling msolve(), nB=1.663528e-02, Ye=5.300000e-01, T=1.691550e-02, log_xn=-2.862463e+00, log_xp=-1.499959e+00, A_min=5, A_max=600, NmZ_min=-200, NmZ_max=200
DEBUG: After calling msolve(), nB=1.663528e-02, Ye=5.300000e-01, T=1.691550e-02, log_xn=-2.862463e+00, log_xp=-1.499959e+00, A_min=5, A_max=600, NmZ_min=-200, NmZ_max=200
DEBUG: Before calling msolve(), nB=1.663528e-02, Ye=5.300000e-01, T=1.691550e-02, log_xn=-3.039036e+00, log_xp=-1.394081e+00, A_min=5, A_max=600, NmZ_min=-200, NmZ_max=200
DEBUG: After calling msolve(), nB=1.663528e-02, Ye=5.300000e-01, T=1.691550e-02, log_xn=-3.039036e+00, log_xp=-1.394081e+00, A_min=5, A_max=600, NmZ_min=-200, NmZ_max=200
eos_nuclei::generate_table(): Point at (nB,Ye,T[MeV])=( 1.66353e-02 , 5.30000e-01 , 3.33789e+00 ), ret= 0 , 20 / 98
eos_nuclei::generate_table(): Computing 21 / 98  ( 249 , 51 , 79 ) -> ( 248 , 52 , 79 )
  nB,Ye,T[MeV]: 1.663528e-02  5.300000e-01  3.491428e+00
DEBUG: Calling eos_fixed_dist with nB=1.663528e-02 Ye=5.300000e-01 T=1.769362e-02 A_min=5 A_max=600 NmZ_min=-200 NmZ_max=200 log_xn=-2.862463e+00 log_xp=-1.499959e+00
DEBUG: Before calling msolve(), nB=1.663528e-02, Ye=5.300000e-01, T=1.769362e-02, log_xn=-2.862463e+00, log_xp=-1.499959e+00, A_min=5, A_max=600, NmZ_min=-200, NmZ_max=200
DEBUG: After calling msolve(), nB=1.663528e-02, Ye=5.300000e-01, T=1.769362e-02, log_xn=-2.862463e+00, log_xp=-1.499959e+00, A_min=5, A_max=600, NmZ_min=-200, NmZ_max=200
eos_nuclei::eos_fixed_dist(): Rank 0 finished after 1 minimizer calls.
DEBUG: Before calling msolve(), nB=1.663528e-02, Ye=5.300000e-01, T=1.769362e-02, log_xn=-2.873228e+00, log_xp=-1.375730e+00, A_min=5, A_max=600, NmZ_min=-200, NmZ_max=200
DEBUG: After calling msolve(), nB=1.663528e-02, Ye=5.300000e-01, T=1.769362e-02, log_xn=-2.873228e+00, log_xp=-1.375730e+00, A_min=5, A_max=600, NmZ_min=-200, NmZ_max=200
eos_nuclei::generate_table(): Point at (nB,Ye,T[MeV])=( 1.66353e-02 , 5.30000e-01 , 3.49143e+00 ), ret= 0 , 21 / 98
eos_nuclei::generate_table(): Computing 22 / 98  ( 249 , 51 , 79 ) -> ( 248 , 52 , 80 )
  nB,Ye,T[MeV]: 1.663528e-02  5.300000e-01  3.652034e+00
DEBUG: Calling eos_fixed_dist with nB=1.663528e-02 Ye=5.300000e-01 T=1.850752e-02 A_min=5 A_max=600 NmZ_min=-200 NmZ_max=200 log_xn=-2.862463e+00 log_xp=-1.499959e+00
DEBUG: Before calling msolve(), nB=1.663528e-02, Ye=5.300000e-01, T=1.850752e-02, log_xn=-2.862463e+00, log_xp=-1.499959e+00, A_min=5, A_max=600, NmZ_min=-200, NmZ_max=200
DEBUG: After calling msolve(), nB=1.663528e-02, Ye=5.300000e-01, T=1.850752e-02, log_xn=-2.862463e+00, log_xp=-1.499959e+00, A_min=5, A_max=600, NmZ_min=-200, NmZ_max=200
eos_nuclei::eos_fixed_dist(): Rank 0 finished after 1 minimizer calls.
DEBUG: Before calling msolve(), nB=1.663528e-02, Ye=5.300000e-01, T=1.850752e-02, log_xn=-2.712048e+00, log_xp=-1.358833e+00, A_min=5, A_max=600, NmZ_min=-200, NmZ_max=200
DEBUG: After calling msolve(), nB=1.663528e-02, Ye=5.300000e-01, T=1.850752e-02, log_xn=-2.712048e+00, log_xp=-1.358833e+00, A_min=5, A_max=600, NmZ_min=-200, NmZ_max=200
eos_nuclei::generate_table(): Point at (nB,Ye,T[MeV])=( 1.66353e-02 , 5.30000e-01 , 3.65203e+00 ), ret= 0 , 22 / 98
eos_nuclei::generate_table(): Computing 23 / 98  ( 249 , 51 , 80 ) -> ( 248 , 52 , 81 )
  nB,Ye,T[MeV]: 1.663528e-02  5.300000e-01  3.820027e+00
DEBUG: Calling eos_fixed_dist with nB=1.663528e-02 Ye=5.300000e-01 T=1.935887e-02 A_min=5 A_max=600 NmZ_min=-200 NmZ_max=200 log_xn=-2.705303e+00 log_xp=-1.476974e+00
DEBUG: Before calling msolve(), nB=1.663528e-02, Ye=5.300000e-01, T=1.935887e-02, log_xn=-2.705303e+00, log_xp=-1.476974e+00, A_min=5, A_max=600, NmZ_min=-200, NmZ_max=200
DEBUG: After calling msolve(), nB=1.663528e-02, Ye=5.300000e-01, T=1.935887e-02, log_xn=-2.705303e+00, log_xp=-1.476974e+00, A_min=5, A_max=600, NmZ_min=-200, NmZ_max=200
eos_nuclei::eos_fixed_dist(): Rank 0 finished after 2 minimizer calls.
DEBUG: Before calling msolve(), nB=1.663528e-02, Ye=5.300000e-01, T=1.935887e-02, log_xn=-2.555317e+00, log_xp=-1.343241e+00, A_min=5, A_max=600, NmZ_min=-200, NmZ_max=200
DEBUG: After calling msolve(), nB=1.663528e-02, Ye=5.300000e-01, T=1.935887e-02, log_xn=-2.555317e+00, log_xp=-1.343241e+00, A_min=5, A_max=600, NmZ_min=-200, NmZ_max=200
eos_nuclei::generate_table(): Point at (nB,Ye,T[MeV])=( 1.66353e-02 , 5.30000e-01 , 3.82003e+00 ), ret= 0 , 23 / 98
eos_nuclei::generate_table(): Computing 24 / 98  ( 249 , 51 , 81 ) -> ( 248 , 52 , 82 )
  nB,Ye,T[MeV]: 1.663528e-02  5.300000e-01  3.995748e+00
DEBUG: Calling eos_fixed_dist with nB=1.663528e-02 Ye=5.300000e-01 T=2.024938e-02 A_min=5 A_max=600 NmZ_min=-200 NmZ_max=200 log_xn=-2.552194e+00 log_xp=-1.455552e+00
DEBUG: Before calling msolve(), nB=1.663528e-02, Ye=5.300000e-01, T=2.024938e-02, log_xn=-2.552194e+00, log_xp=-1.455552e+00, A_min=5, A_max=600, NmZ_min=-200, NmZ_max=200
DEBUG: After calling msolve(), nB=1.663528e-02, Ye=5.300000e-01, T=2.024938e-02, log_xn=-2.552194e+00, log_xp=-1.455552e+00, A_min=5, A_max=600, NmZ_min=-200, NmZ_max=200
eos_nuclei::eos_fixed_dist(): Rank 0 finished after 1 minimizer calls.
DEBUG: Before calling msolve(), nB=1.663528e-02, Ye=5.300000e-01, T=2.024938e-02, log_xn=-2.403088e+00, log_xp=-1.328489e+00, A_min=5, A_max=600, NmZ_min=-200, NmZ_max=200
DEBUG: After calling msolve(), nB=1.663528e-02, Ye=5.300000e-01, T=2.024938e-02, log_xn=-2.403088e+00, log_xp=-1.328489e+00, A_min=5, A_max=600, NmZ_min=-200, NmZ_max=200
eos_nuclei::generate_table(): Point at (nB,Ye,T[MeV])=( 1.66353e-02 , 5.30000e-01 , 3.99575e+00 ), ret= 0 , 24 / 98
eos_nuclei::generate_table(): Computing 25 / 98  ( 249 , 49 , 79 ) -> ( 249 , 48 , 78 )
  nB,Ye,T[MeV]: 1.824022e-02  4.900000e-01  3.337885e+00
DEBUG: Calling eos_fixed_dist with nB=1.824022e-02 Ye=4.900000e-01 T=1.691550e-02 A_min=5 A_max=600 NmZ_min=-200 NmZ_max=200 log_xn=-2.581572e+00 log_xp=-1.830207e+00
DEBUG: Before calling msolve(), nB=1.824022e-02, Ye=4.900000e-01, T=1.691550e-02, log_xn=-2.581572e+00, log_xp=-1.830207e+00, A_min=5, A_max=600, NmZ_min=-200, NmZ_max=200
DEBUG: After calling msolve(), nB=1.824022e-02, Ye=4.900000e-01, T=1.691550e-02, log_xn=-2.581572e+00, log_xp=-1.830207e+00, A_min=5, A_max=600, NmZ_min=-200, NmZ_max=200
DEBUG: Before calling msolve(), nB=1.824022e-02, Ye=4.900000e-01, T=1.691550e-02, log_xn=-2.538875e+00, log_xp=-2.077275e+00, A_min=5, A_max=600, NmZ_min=-200, NmZ_max=200
DEBUG: After calling msolve(), nB=1.824022e-02, Ye=4.900000e-01, T=1.691550e-02, log_xn=-2.538875e+00, log_xp=-2.077275e+00, A_min=5, A_max=600, NmZ_min=-200, NmZ_max=200
eos_nuclei::generate_table(): Point at (nB,Ye,T[MeV])=( 1.82402e-02 , 4.90000e-01 , 3.33789e+00 ), ret= 0 , 25 / 98
eos_nuclei::generate_table(): Computing 26 / 98  ( 249 , 49 , 79 ) -> ( 249 , 48 , 79 )
  nB,Ye,T[MeV]: 1.824022e-02  4.900000e-01  3.491428e+00
DEBUG: Calling eos_fixed_dist with nB=1.824022e-02 Ye=4.900000e-01 T=1.769362e-02 A_min=5 A_max=600 NmZ_min=-200 NmZ_max=200 log_xn=-2.581572e+00 log_xp=-1.830207e+00
DEBUG: Before calling msolve(), nB=1.824022e-02, Ye=4.900000e-01, T=1.769362e-02, log_xn=-2.581572e+00, log_xp=-1.830207e+00, A_min=5, A_max=600, NmZ_min=-200, NmZ_max=200
DEBUG: After calling msolve(), nB=1.824022e-02, Ye=4.900000e-01, T=1.769362e-02, log_xn=-2.581572e+00, log_xp=-1.830207e+00, A_min=5, A_max=600, NmZ_min=-200, NmZ_max=200
DEBUG: Before calling msolve(), nB=1.824022e-02, Ye=4.900000e-01, T=1.769362e-02, log_xn=-2.426434e+00, log_xp=-2.001538e+00, A_min=5, A_max=600, NmZ_min=-200, NmZ_max=200
DEBUG: After calling msolve(), nB=1.824022e-02, Ye=4.900000e-01, T=1.769362e-02, log_xn=-2.426434e+00, log_xp=-2.001538e+00, A_min=5, A_max=600, NmZ_min=-200, NmZ_max=200
eos_nuclei::generate_table(): Point at (nB,Ye,T[MeV])=( 1.82402e-02 , 4.90000e-01 , 3.49143e+00 ), ret= 0 , 26 / 98
eos_nuclei::generate_table(): Computing 27 / 98  ( 249 , 49 , 79 ) -> ( 249 , 48 , 80 )
  nB,Ye,T[MeV]: 1.824022e-02  4.900000e-01  3.652034e+00
DEBUG: Calling eos_fixed_dist with nB=1.824022e-02 Ye=4.900000e-01 T=1.850752e-02 A_min=5 A_max=600 NmZ_min=-200 NmZ_max=200 log_xn=-2.581572e+00 log_xp=-1.830207e+00
DEBUG: Before calling msolve(), nB=1.824022e-02, Ye=4.900000e-01, T=1.850752e-02, log_xn=-2.581572e+00, log_xp=-1.830207e+00, A_min=5, A_max=600, NmZ_min=-200, NmZ_max=200
DEBUG: After calling msolve(), nB=1.824022e-02, Ye=4.900000e-01, T=1.850752e-02, log_xn=-2.581572e+00, log_xp=-1.830207e+00, A_min=5, A_max=600, NmZ_min=-200, NmZ_max=200
eos_nuclei::eos_fixed_dist(): Rank 0 finished after 1 minimizer calls.
DEBUG: Before calling msolve(), nB=1.824022e-02, Ye=4.900000e-01, T=1.850752e-02, log_xn=-2.315052e+00, log_xp=-1.929687e+00, A_min=5, A_max=600, NmZ_min=-200, NmZ_max=200
DEBUG: After calling msolve(), nB=1.824022e-02, Ye=4.900000e-01, T=1.850752e-02, log_xn=-2.315052e+00, log_xp=-1.929687e+00, A_min=5, A_max=600, NmZ_min=-200, NmZ_max=200
eos_nuclei::generate_table(): Point at (nB,Ye,T[MeV])=( 1.82402e-02 , 4.90000e-01 , 3.65203e+00 ), ret= 0 , 27 / 98
eos_nuclei::generate_table(): Computing 28 / 98  ( 249 , 49 , 80 ) -> ( 249 , 48 , 81 )
  nB,Ye,T[MeV]: 1.824022e-02  4.900000e-01  3.820027e+00
DEBUG: Calling eos_fixed_dist with nB=1.824022e-02 Ye=4.900000e-01 T=1.935887e-02 A_min=5 A_max=600 NmZ_min=-200 NmZ_max=200 log_xn=-2.453235e+00 log_xp=-1.775805e+00
DEBUG: Before calling msolve(), nB=1.824022e-02, Ye=4.900000e-01, T=1.935887e-02, log_xn=-2.453235e+00, log_xp=-1.775805e+00, A_min=5, A_max=600, NmZ_min=-200, NmZ_max=200
DEBUG: After calling msolve(), nB=1.824022e-02, Ye=4.900000e-01, T=1.935887e-02, log_xn=-2.453235e+00, log_xp=-1.775805e+00, A_min=5, A_max=600, NmZ_min=-200, NmZ_max=200
eos_nuclei::eos_fixed_dist(): Rank 0 finished after 1 minimizer calls.
DEBUG: Before calling msolve(), nB=1.824022e-02, Ye=4.900000e-01, T=1.935887e-02, log_xn=-2.204310e+00, log_xp=-1.861930e+00, A_min=5, A_max=600, NmZ_min=-200, NmZ_max=200
DEBUG: After calling msolve(), nB=1.824022e-02, Ye=4.900000e-01, T=1.935887e-02, log_xn=-2.204310e+00, log_xp=-1.861930e+00, A_min=5, A_max=600, NmZ_min=-200, NmZ_max=200
eos_nuclei::generate_table(): Point at (nB,Ye,T[MeV])=( 1.82402e-02 , 4.90000e-01 , 3.82003e+00 ), ret= 0 , 28 / 98
eos_nuclei::generate_table(): Computing 29 / 98  ( 249 , 49 , 81 ) -> ( 249 , 48 , 82 )
  nB,Ye,T[MeV]: 1.824022e-02  4.900000e-01  3.995748e+00
DEBUG: Calling eos_fixed_dist with nB=1.824022e-02 Ye=4.900000e-01 T=2.024938e-02 A_min=5 A_max=600 NmZ_min=-200 NmZ_max=200 log_xn=-2.327102e+00 log_xp=-1.724151e+00
DEBUG: Before calling msolve(), nB=1.824022e-02, Ye=4.900000e-01, T=2.024938e-02, log_xn=-2.327102e+00, log_xp=-1.724151e+00, A_min=5, A_max=600, NmZ_min=-200, NmZ_max=200
DEBUG: After calling msolve(), nB=1.824022e-02, Ye=4.900000e-01, T=2.024938e-02, log_xn=-2.327102e+00, log_xp=-1.724151e+00, A_min=5, A_max=600, NmZ_min=-200, NmZ_max=200
eos_nuclei::eos_fixed_dist(): Rank 0 finished after 1 minimizer calls.
DEBUG: Before calling msolve(), nB=1.824022e-02, Ye=4.900000e-01, T=2.024938e-02, log_xn=-2.093914e+00, log_xp=-1.798360e+00, A_min=5, A_max=600, NmZ_min=-200, NmZ_max=200
DEBUG: After calling msolve(), nB=1.824022e-02, Ye=4.900000e-01, T=2.024938e-02, log_xn=-2.093914e+00, log_xp=-1.798360e+00, A_min=5, A_max=600, NmZ_min=-200, NmZ_max=200
eos_nuclei::generate_table(): Point at (nB,Ye,T[MeV])=( 1.82402e-02 , 4.90000e-01 , 3.99575e+00 ), ret= 0 , 29 / 98
eos_nuclei::generate_table(): Computing 30 / 98  ( 249 , 49 , 79 ) -> ( 249 , 49 , 78 )
  nB,Ye,T[MeV]: 1.824022e-02  5.000000e-01  3.337885e+00
DEBUG: Calling eos_fixed_dist with nB=1.824022e-02 Ye=5.000000e-01 T=1.691550e-02 A_min=5 A_max=600 NmZ_min=-200 NmZ_max=200 log_xn=-2.581572e+00 log_xp=-1.830207e+00
DEBUG: Before calling msolve(), nB=1.824022e-02, Ye=5.000000e-01, T=1.691550e-02, log_xn=-2.581572e+00, log_xp=-1.830207e+00, A_min=5, A_max=600, NmZ_min=-200, NmZ_max=200
DEBUG: After calling msolve(), nB=1.824022e-02, Ye=5.000000e-01, T=1.691550e-02, log_xn=-2.581572e+00, log_xp=-1.830207e+00, A_min=5, A_max=600, NmZ_min=-200, NmZ_max=200
DEBUG: Before calling msolve(), nB=1.824022e-02, Ye=5.000000e-01, T=1.691550e-02, log_xn=-2.712297e+00, log_xp=-1.887407e+00, A_min=5, A_max=600, NmZ_min=-200, NmZ_max=200
DEBUG: After calling msolve(), nB=1.824022e-02, Ye=5.000000e-01, T=1.691550e-02, log_xn=-2.712297e+00, log_xp=-1.887407e+00, A_min=5, A_max=600, NmZ_min=-200, NmZ_max=200
eos_nuclei::generate_table(): Point at (nB,Ye,T[MeV])=( 1.82402e-02 , 5.00000e-01 , 3.33789e+00 ), ret= 0 , 30 / 98
eos_nuclei::generate_table(): Computing 31 / 98  ( 249 , 49 , 81 ) -> ( 249 , 49 , 82 )
  nB,Ye,T[MeV]: 1.824022e-02  5.000000e-01  3.995748e+00
DEBUG: Calling eos_fixed_dist with nB=1.824022e-02 Ye=5.000000e-01 T=2.024938e-02 A_min=5 A_max=600 NmZ_min=-200 NmZ_max=200 log_xn=-2.327102e+00 log_xp=-1.724151e+00
DEBUG: Before calling msolve(), nB=1.824022e-02, Ye=5.000000e-01, T=2.024938e-02, log_xn=-2.327102e+00, log_xp=-1.724151e+00, A_min=5, A_max=600, NmZ_min=-200, NmZ_max=200
DEBUG: After calling msolve(), nB=1.824022e-02, Ye=5.000000e-01, T=2.024938e-02, log_xn=-2.327102e+00, log_xp=-1.724151e+00, A_min=5, A_max=600, NmZ_min=-200, NmZ_max=200
eos_nuclei::eos_fixed_dist(): Rank 0 finished after 1 minimizer calls.
DEBUG: Before calling msolve(), nB=1.824022e-02, Ye=5.000000e-01, T=2.024938e-02, log_xn=-2.203005e+00, log_xp=-1.675182e+00, A_min=5, A_max=600, NmZ_min=-200, NmZ_max=200
DEBUG: After calling msolve(), nB=1.824022e-02, Ye=5.000000e-01, T=2.024938e-02, log_xn=-2.203005e+00, log_xp=-1.675182e+00, A_min=5, A_max=600, NmZ_min=-200, NmZ_max=200
eos_nuclei::generate_table(): Point at (nB,Ye,T[MeV])=( 1.82402e-02 , 5.00000e-01 , 3.99575e+00 ), ret= 0 , 31 / 98
eos_nuclei::generate_table(): Computing 32 / 98  ( 249 , 49 , 79 ) -> ( 249 , 50 , 78 )
  nB,Ye,T[MeV]: 1.824022e-02  5.100000e-01  3.337885e+00
DEBUG: Calling eos_fixed_dist with nB=1.824022e-02 Ye=5.100000e-01 T=1.691550e-02 A_min=5 A_max=600 NmZ_min=-200 NmZ_max=200 log_xn=-2.581572e+00 log_xp=-1.830207e+00
DEBUG: Before calling msolve(), nB=1.824022e-02, Ye=5.100000e-01, T=1.691550e-02, log_xn=-2.581572e+00, log_xp=-1.830207e+00, A_min=5, A_max=600, NmZ_min=-200, NmZ_max=200
DEBUG: After calling msolve(), nB=1.824022e-02, Ye=5.100000e-01, T=1.691550e-02, log_xn=-2.581572e+00, log_xp=-1.830207e+00, A_min=5, A_max=600, NmZ_min=-200, NmZ_max=200
DEBUG: Before calling msolve(), nB=1.824022e-02, Ye=5.100000e-01, T=1.691550e-02, log_xn=-2.893287e+00, log_xp=-1.681711e+00, A_min=5, A_max=600, NmZ_min=-200, NmZ_max=200
DEBUG: After calling msolve(), nB=1.824022e-02, Ye=5.100000e-01, T=1.691550e-02, log_xn=-2.893287e+00, log_xp=-1.681711e+00, A_min=5, A_max=600, NmZ_min=-200, NmZ_max=200
eos_nuclei::generate_table(): Point at (nB,Ye,T[MeV])=( 1.82402e-02 , 5.10000e-01 , 3.33789e+00 ), ret= 0 , 32 / 98
eos_nuclei::generate_table(): Computing 33 / 98  ( 249 , 49 , 81 ) -> ( 249 , 50 , 82 )
  nB,Ye,T[MeV]: 1.824022e-02  5.100000e-01  3.995748e+00
DEBUG: Calling eos_fixed_dist with nB=1.824022e-02 Ye=5.100000e-01 T=2.024938e-02 A_min=5 A_max=600 NmZ_min=-200 NmZ_max=200 log_xn=-2.327102e+00 log_xp=-1.724151e+00
DEBUG: Before calling msolve(), nB=1.824022e-02, Ye=5.100000e-01, T=2.024938e-02, log_xn=-2.327102e+00, log_xp=-1.724151e+00, A_min=5, A_max=600, NmZ_min=-200, NmZ_max=200
DEBUG: After calling msolve(), nB=1.824022e-02, Ye=5.100000e-01, T=2.024938e-02, log_xn=-2.327102e+00, log_xp=-1.724151e+00, A_min=5, A_max=600, NmZ_min=-200, NmZ_max=200
DEBUG: Before calling msolve(), nB=1.824022e-02, Ye=5.100000e-01, T=2.024938e-02, log_xn=-2.311310e+00, log_xp=-1.548356e+00, A_min=5, A_max=600, NmZ_min=-200, NmZ_max=200
DEBUG: After calling msolve(), nB=1.824022e-02, Ye=5.100000e-01, T=2.024938e-02, log_xn=-2.311310e+00, log_xp=-1.548356e+00, A_min=5, A_max=600, NmZ_min=-200, NmZ_max=200
eos_nuclei::generate_table(): Point at (nB,Ye,T[MeV])=( 1.82402e-02 , 5.10000e-01 , 3.99575e+00 ), ret= 0 , 33 / 98
eos_nuclei::generate_table(): Computing 34 / 98  ( 249 , 50 , 79 ) -> ( 249 , 51 , 78 )
  nB,Ye,T[MeV]: 1.824022e-02  5.200000e-01  3.337885e+00
DEBUG: Calling eos_fixed_dist with nB=1.824022e-02 Ye=5.200000e-01 T=1.691550e-02 A_min=5 A_max=600 NmZ_min=-200 NmZ_max=200 log_xn=-2.741914e+00 log_xp=-1.646264e+00
DEBUG: Before calling msolve(), nB=1.824022e-02, Ye=5.200000e-01, T=1.691550e-02, log_xn=-2.741914e+00, log_xp=-1.646264e+00, A_min=5, A_max=600, NmZ_min=-200, NmZ_max=200
DEBUG: After calling msolve(), nB=1.824022e-02, Ye=5.200000e-01, T=1.691550e-02, log_xn=-2.741914e+00, log_xp=-1.646264e+00, A_min=5, A_max=600, NmZ_min=-200, NmZ_max=200
DEBUG: Before calling msolve(), nB=1.824022e-02, Ye=5.200000e-01, T=1.691550e-02, log_xn=-3.023618e+00, log_xp=-1.524952e+00, A_min=5, A_max=600, NmZ_min=-200, NmZ_max=200
DEBUG: After calling msolve(), nB=1.824022e-02, Ye=5.200000e-01, T=1.691550e-02, log_xn=-3.023618e+00, log_xp=-1.524952e+00, A_min=5, A_max=600, NmZ_min=-200, NmZ_max=200
eos_nuclei::generate_table(): Point at (nB,Ye,T[MeV])=( 1.82402e-02 , 5.20000e-01 , 3.33789e+00 ), ret= 0 , 34 / 98
eos_nuclei::generate_table(): Computing 35 / 98  ( 249 , 50 , 81 ) -> ( 249 , 51 , 82 )
  nB,Ye,T[MeV]: 1.824022e-02  5.200000e-01  3.995748e+00
DEBUG: Calling eos_fixed_dist with nB=1.824022e-02 Ye=5.200000e-01 T=2.024938e-02 A_min=5 A_max=600 NmZ_min=-200 NmZ_max=200 log_xn=-2.450784e+00 log_xp=-1.580088e+00
DEBUG: Before calling msolve(), nB=1.824022e-02, Ye=5.200000e-01, T=2.024938e-02, log_xn=-2.450784e+00, log_xp=-1.580088e+00, A_min=5, A_max=600, NmZ_min=-200, NmZ_max=200
DEBUG: After calling msolve(), nB=1.824022e-02, Ye=5.200000e-01, T=2.024938e-02, log_xn=-2.450784e+00, log_xp=-1.580088e+00, A_min=5, A_max=600, NmZ_min=-200, NmZ_max=200
DEBUG: Before calling msolve(), nB=1.824022e-02, Ye=5.200000e-01, T=2.024938e-02, log_xn=-2.403345e+00, log_xp=-1.435040e+00, A_min=5, A_max=600, NmZ_min=-200, NmZ_max=200
DEBUG: After calling msolve(), nB=1.824022e-02, Ye=5.200000e-01, T=2.024938e-02, log_xn=-2.403345e+00, log_xp=-1.435040e+00, A_min=5, A_max=600, NmZ_min=-200, NmZ_max=200
eos_nuclei::generate_table(): Point at (nB,Ye,T[MeV])=( 1.82402e-02 , 5.20000e-01 , 3.99575e+00 ), ret= 0 , 35 / 98
eos_nuclei::generate_table(): Computing 36 / 98  ( 249 , 51 , 79 ) -> ( 249 , 52 , 78 )
  nB,Ye,T[MeV]: 1.824022e-02  5.300000e-01  3.337885e+00
DEBUG: Calling eos_fixed_dist with nB=1.824022e-02 Ye=5.300000e-01 T=1.691550e-02 A_min=5 A_max=600 NmZ_min=-200 NmZ_max=200 log_xn=-2.862463e+00 log_xp=-1.499959e+00
DEBUG: Before calling msolve(), nB=1.824022e-02, Ye=5.300000e-01, T=1.691550e-02, log_xn=-2.862463e+00, log_xp=-1.499959e+00, A_min=5, A_max=600, NmZ_min=-200, NmZ_max=200
DEBUG: After calling msolve(), nB=1.824022e-02, Ye=5.300000e-01, T=1.691550e-02, log_xn=-2.862463e+00, log_xp=-1.499959e+00, A_min=5, A_max=600, NmZ_min=-200, NmZ_max=200
DEBUG: Before calling msolve(), nB=1.824022e-02, Ye=5.300000e-01, T=1.691550e-02, log_xn=-3.113023e+00, log_xp=-1.410561e+00, A_min=5, A_max=600, NmZ_min=-200, NmZ_max=200
DEBUG: After calling msolve(), nB=1.824022e-02, Ye=5.300000e-01, T=1.691550e-02, log_xn=-3.113023e+00, log_xp=-1.410561e+00, A_min=5, A_max=600, NmZ_min=-200, NmZ_max=200
eos_nuclei::generate_table(): Point at (nB,Ye,T[MeV])=( 1.82402e-02 , 5.30000e-01 , 3.33789e+00 ), ret= 0 , 36 / 98
eos_nuclei::generate_table(): Computing 37 / 98  ( 249 , 51 , 79 ) -> ( 249 , 52 , 79 )
  nB,Ye,T[MeV]: 1.824022e-02  5.300000e-01  3.491428e+00
DEBUG: Calling eos_fixed_dist with nB=1.824022e-02 Ye=5.300000e-01 T=1.769362e-02 A_min=5 A_max=600 NmZ_min=-200 NmZ_max=200 log_xn=-2.862463e+00 log_xp=-1.499959e+00
DEBUG: Before calling msolve(), nB=1.824022e-02, Ye=5.300000e-01, T=1.769362e-02, log_xn=-2.862463e+00, log_xp=-1.499959e+00, A_min=5, A_max=600, NmZ_min=-200, NmZ_max=200
DEBUG: After calling msolve(), nB=1.824022e-02, Ye=5.300000e-01, T=1.769362e-02, log_xn=-2.862463e+00, log_xp=-1.499959e+00, A_min=5, A_max=600, NmZ_min=-200, NmZ_max=200
DEBUG: Before calling msolve(), nB=1.824022e-02, Ye=5.300000e-01, T=1.769362e-02, log_xn=-2.946481e+00, log_xp=-1.391615e+00, A_min=5, A_max=600, NmZ_min=-200, NmZ_max=200
DEBUG: After calling msolve(), nB=1.824022e-02, Ye=5.300000e-01, T=1.769362e-02, log_xn=-2.946481e+00, log_xp=-1.391615e+00, A_min=5, A_max=600, NmZ_min=-200, NmZ_max=200
eos_nuclei::generate_table(): Point at (nB,Ye,T[MeV])=( 1.82402e-02 , 5.30000e-01 , 3.49143e+00 ), ret= 0 , 37 / 98
eos_nuclei::generate_table(): Computing 38 / 98  ( 249 , 51 , 79 ) -> ( 249 , 52 , 80 )
  nB,Ye,T[MeV]: 1.824022e-02  5.300000e-01  3.652034e+00
DEBUG: Calling eos_fixed_dist with nB=1.824022e-02 Ye=5.300000e-01 T=1.850752e-02 A_min=5 A_max=600 NmZ_min=-200 NmZ_max=200 log_xn=-2.862463e+00 log_xp=-1.499959e+00
DEBUG: Before calling msolve(), nB=1.824022e-02, Ye=5.300000e-01, T=1.850752e-02, log_xn=-2.862463e+00, log_xp=-1.499959e+00, A_min=5, A_max=600, NmZ_min=-200, NmZ_max=200
DEBUG: After calling msolve(), nB=1.824022e-02, Ye=5.300000e-01, T=1.850752e-02, log_xn=-2.862463e+00, log_xp=-1.499959e+00, A_min=5, A_max=600, NmZ_min=-200, NmZ_max=200
eos_nuclei::eos_fixed_dist(): Rank 0 finished after 1 minimizer calls.
DEBUG: Before calling msolve(), nB=1.824022e-02, Ye=5.300000e-01, T=1.850752e-02, log_xn=-2.784694e+00, log_xp=-1.374002e+00, A_min=5, A_max=600, NmZ_min=-200, NmZ_max=200
DEBUG: After calling msolve(), nB=1.824022e-02, Ye=5.300000e-01, T=1.850752e-02, log_xn=-2.784694e+00, log_xp=-1.374002e+00, A_min=5, A_max=600, NmZ_min=-200, NmZ_max=200
eos_nuclei::generate_table(): Point at (nB,Ye,T[MeV])=( 1.82402e-02 , 5.30000e-01 , 3.65203e+00 ), ret= 0 , 38 / 98
eos_nuclei::generate_table(): Computing 39 / 98  ( 249 , 51 , 80 ) -> ( 249 , 52 , 81 )
  nB,Ye,T[MeV]: 1.824022e-02  5.300000e-01  3.820027e+00
DEBUG: Calling eos_fixed_dist with nB=1.824022e-02 Ye=5.300000e-01 T=1.935887e-02 A_min=5 A_max=600 NmZ_min=-200 NmZ_max=200 log_xn=-2.705303e+00 log_xp=-1.476974e+00
DEBUG: Before calling msolve(), nB=1.824022e-02, Ye=5.300000e-01, T=1.935887e-02, log_xn=-2.705303e+00, log_xp=-1.476974e+00, A_min=5, A_max=600, NmZ_min=-200, NmZ_max=200
DEBUG: After calling msolve(), nB=1.824022e-02, Ye=5.300000e-01, T=1.935887e-02, log_xn=-2.705303e+00, log_xp=-1.476974e+00, A_min=5, A_max=600, NmZ_min=-200, NmZ_max=200
eos_nuclei::eos_fixed_dist(): Rank 0 finished after 1 minimizer calls.
DEBUG: Before calling msolve(), nB=1.824022e-02, Ye=5.300000e-01, T=1.935887e-02, log_xn=-2.627348e+00, log_xp=-1.357759e+00, A_min=5, A_max=600, NmZ_min=-200, NmZ_max=200
DEBUG: After calling msolve(), nB=1.824022e-02, Ye=5.300000e-01, T=1.935887e-02, log_xn=-2.627348e+00, log_xp=-1.357759e+00, A_min=5, A_max=600, NmZ_min=-200, NmZ_max=200
eos_nuclei::generate_table(): Point at (nB,Ye,T[MeV])=( 1.82402e-02 , 5.30000e-01 , 3.82003e+00 ), ret= 0 , 39 / 98
eos_nuclei::generate_table(): Computing 40 / 98  ( 249 , 51 , 81 ) -> ( 249 , 52 , 82 )
  nB,Ye,T[MeV]: 1.824022e-02  5.300000e-01  3.995748e+00
DEBUG: Calling eos_fixed_dist with nB=1.824022e-02 Ye=5.300000e-01 T=2.024938e-02 A_min=5 A_max=600 NmZ_min=-200 NmZ_max=200 log_xn=-2.552194e+00 log_xp=-1.455552e+00
DEBUG: Before calling msolve(), nB=1.824022e-02, Ye=5.300000e-01, T=2.024938e-02, log_xn=-2.552194e+00, log_xp=-1.455552e+00, A_min=5, A_max=600, NmZ_min=-200, NmZ_max=200
DEBUG: After calling msolve(), nB=1.824022e-02, Ye=5.300000e-01, T=2.024938e-02, log_xn=-2.552194e+00, log_xp=-1.455552e+00, A_min=5, A_max=600, NmZ_min=-200, NmZ_max=200
eos_nuclei::eos_fixed_dist(): Rank 0 finished after 1 minimizer calls.
DEBUG: Before calling msolve(), nB=1.824022e-02, Ye=5.300000e-01, T=2.024938e-02, log_xn=-2.474330e+00, log_xp=-1.342631e+00, A_min=5, A_max=600, NmZ_min=-200, NmZ_max=200
DEBUG: After calling msolve(), nB=1.824022e-02, Ye=5.300000e-01, T=2.024938e-02, log_xn=-2.474330e+00, log_xp=-1.342631e+00, A_min=5, A_max=600, NmZ_min=-200, NmZ_max=200
eos_nuclei::generate_table(): Point at (nB,Ye,T[MeV])=( 1.82402e-02 , 5.30000e-01 , 3.99575e+00 ), ret= 0 , 40 / 98
eos_nuclei::generate_table(): Computing 41 / 98  ( 249 , 49 , 79 ) -> ( 250 , 48 , 78 )
  nB,Ye,T[MeV]: 2.000000e-02  4.900000e-01  3.337885e+00
DEBUG: Calling eos_fixed_dist with nB=2.000000e-02 Ye=4.900000e-01 T=1.691550e-02 A_min=5 A_max=600 NmZ_min=-200 NmZ_max=200 log_xn=-2.581572e+00 log_xp=-1.830207e+00
DEBUG: Before calling msolve(), nB=2.000000e-02, Ye=4.900000e-01, T=1.691550e-02, log_xn=-2.581572e+00, log_xp=-1.830207e+00, A_min=5, A_max=600, NmZ_min=-200, NmZ_max=200
DEBUG: After calling msolve(), nB=2.000000e-02, Ye=4.900000e-01, T=1.691550e-02, log_xn=-2.581572e+00, log_xp=-1.830207e+00, A_min=5, A_max=600, NmZ_min=-200, NmZ_max=200
eos_nuclei::eos_fixed_dist(): Rank 0 finished after solve 0.
DEBUG: Before calling msolve(), nB=2.000000e-02, Ye=4.900000e-01, T=1.691550e-02, log_xn=-2.592027e+00, log_xp=-2.120797e+00, A_min=5, A_max=600, NmZ_min=-200, NmZ_max=200
DEBUG: After calling msolve(), nB=2.000000e-02, Ye=4.900000e-01, T=1.691550e-02, log_xn=-2.592027e+00, log_xp=-2.120797e+00, A_min=5, A_max=600, NmZ_min=-200, NmZ_max=200
eos_nuclei::generate_table(): Point at (nB,Ye,T[MeV])=( 2.00000e-02 , 4.90000e-01 , 3.33789e+00 ), ret= 0 , 41 / 98
eos_nuclei::generate_table(): Computing 42 / 98  ( 249 , 49 , 79 ) -> ( 250 , 48 , 79 )
  nB,Ye,T[MeV]: 2.000000e-02  4.900000e-01  3.491428e+00
DEBUG: Calling eos_fixed_dist with nB=2.000000e-02 Ye=4.900000e-01 T=1.769362e-02 A_min=5 A_max=600 NmZ_min=-200 NmZ_max=200 log_xn=-2.581572e+00 log_xp=-1.830207e+00
DEBUG: Before calling msolve(), nB=2.000000e-02, Ye=4.900000e-01, T=1.769362e-02, log_xn=-2.581572e+00, log_xp=-1.830207e+00, A_min=5, A_max=600, NmZ_min=-200, NmZ_max=200
DEBUG: After calling msolve(), nB=2.000000e-02, Ye=4.900000e-01, T=1.769362e-02, log_xn=-2.581572e+00, log_xp=-1.830207e+00, A_min=5, A_max=600, NmZ_min=-200, NmZ_max=200
DEBUG: Before calling msolve(), nB=2.000000e-02, Ye=4.900000e-01, T=1.769362e-02, log_xn=-2.479111e+00, log_xp=-2.044619e+00, A_min=5, A_max=600, NmZ_min=-200, NmZ_max=200
DEBUG: After calling msolve(), nB=2.000000e-02, Ye=4.900000e-01, T=1.769362e-02, log_xn=-2.479111e+00, log_xp=-2.044619e+00, A_min=5, A_max=600, NmZ_min=-200, NmZ_max=200
eos_nuclei::generate_table(): Point at (nB,Ye,T[MeV])=( 2.00000e-02 , 4.90000e-01 , 3.49143e+00 ), ret= 0 , 42 / 98
eos_nuclei::generate_table(): Computing 43 / 98  ( 249 , 49 , 79 ) -> ( 250 , 48 , 80 )
  nB,Ye,T[MeV]: 2.000000e-02  4.900000e-01  3.652034e+00
DEBUG: Calling eos_fixed_dist with nB=2.000000e-02 Ye=4.900000e-01 T=1.850752e-02 A_min=5 A_max=600 NmZ_min=-200 NmZ_max=200 log_xn=-2.581572e+00 log_xp=-1.830207e+00
DEBUG: Before calling msolve(), nB=2.000000e-02, Ye=4.900000e-01, T=1.850752e-02, log_xn=-2.581572e+00, log_xp=-1.830207e+00, A_min=5, A_max=600, NmZ_min=-200, NmZ_max=200
DEBUG: After calling msolve(), nB=2.000000e-02, Ye=4.900000e-01, T=1.850752e-02, log_xn=-2.581572e+00, log_xp=-1.830207e+00, A_min=5, A_max=600, NmZ_min=-200, NmZ_max=200
eos_nuclei::eos_fixed_dist(): Rank 0 finished after 1 minimizer calls.
DEBUG: Before calling msolve(), nB=2.000000e-02, Ye=4.900000e-01, T=1.850752e-02, log_xn=-2.367858e+00, log_xp=-1.971659e+00, A_min=5, A_max=600, NmZ_min=-200, NmZ_max=200
DEBUG: After calling msolve(), nB=2.000000e-02, Ye=4.900000e-01, T=1.850752e-02, log_xn=-2.367858e+00, log_xp=-1.971659e+00, A_min=5, A_max=600, NmZ_min=-200, NmZ_max=200
eos_nuclei::generate_table(): Point at (nB,Ye,T[MeV])=( 2.00000e-02 , 4.90000e-01 , 3.65203e+00 ), ret= 0 , 43 / 98
eos_nuclei::generate_table(): Computing 44 / 98  ( 249 , 49 , 80 ) -> ( 250 , 48 , 81 )
  nB,Ye,T[MeV]: 2.000000e-02  4.900000e-01  3.820027e+00
DEBUG: Calling eos_fixed_dist with nB=2.000000e-02 Ye=4.900000e-01 T=1.935887e-02 A_min=5 A_max=600 NmZ_min=-200 NmZ_max=200 log_xn=-2.453235e+00 log_xp=-1.775805e+00
DEBUG: Before calling msolve(), nB=2.000000e-02, Ye=4.900000e-01, T=1.935887e-02, log_xn=-2.453235e+00, log_xp=-1.775805e+00, A_min=5, A_max=600, NmZ_min=-200, NmZ_max=200
DEBUG: After calling msolve(), nB=2.000000e-02, Ye=4.900000e-01, T=1.935887e-02, log_xn=-2.453235e+00, log_xp=-1.775805e+00, A_min=5, A_max=600, NmZ_min=-200, NmZ_max=200
eos_nuclei::eos_fixed_dist(): Rank 0 finished after 1 minimizer calls.
DEBUG: Before calling msolve(), nB=2.000000e-02, Ye=4.900000e-01, T=1.935887e-02, log_xn=-2.257681e+00, log_xp=-1.902283e+00, A_min=5, A_max=600, NmZ_min=-200, NmZ_max=200
DEBUG: After calling msolve(), nB=2.000000e-02, Ye=4.900000e-01, T=1.935887e-02, log_xn=-2.257681e+00, log_xp=-1.902283e+00, A_min=5, A_max=600, NmZ_min=-200, NmZ_max=200
eos_nuclei::generate_table(): Point at (nB,Ye,T[MeV])=( 2.00000e-02 , 4.90000e-01 , 3.82003e+00 ), ret= 0 , 44 / 98
eos_nuclei::generate_table(): Computing 45 / 98  ( 249 , 49 , 81 ) -> ( 250 , 48 , 82 )
  nB,Ye,T[MeV]: 2.000000e-02  4.900000e-01  3.995748e+00
DEBUG: Calling eos_fixed_dist with nB=2.000000e-02 Ye=4.900000e-01 T=2.024938e-02 A_min=5 A_max=600 NmZ_min=-200 NmZ_max=200 log_xn=-2.327102e+00 log_xp=-1.724151e+00
DEBUG: Before calling msolve(), nB=2.000000e-02, Ye=4.900000e-01, T=2.024938e-02, log_xn=-2.327102e+00, log_xp=-1.724151e+00, A_min=5, A_max=600, NmZ_min=-200, NmZ_max=200
DEBUG: After calling msolve(), nB=2.000000e-02, Ye=4.900000e-01, T=2.024938e-02, log_xn=-2.327102e+00, log_xp=-1.724151e+00, A_min=5, A_max=600, NmZ_min=-200, NmZ_max=200
eos_nuclei::eos_fixed_dist(): Rank 0 finished after 1 minimizer calls.
DEBUG: Before calling msolve(), nB=2.000000e-02, Ye=4.900000e-01, T=2.024938e-02, log_xn=-2.148110e+00, log_xp=-1.836757e+00, A_min=5, A_max=600, NmZ_min=-200, NmZ_max=200
DEBUG: After calling msolve(), nB=2.000000e-02, Ye=4.900000e-01, T=2.024938e-02, log_xn=-2.148110e+00, log_xp=-1.836757e+00, A_min=5, A_max=600, NmZ_min=-200, NmZ_max=200
eos_nuclei::generate_table(): Point at (nB,Ye,T[MeV])=( 2.00000e-02 , 4.90000e-01 , 3.99575e+00 ), ret= 0 , 45 / 98
eos_nuclei::generate_table(): Computing 46 / 98  ( 249 , 49 , 79 ) -> ( 250 , 49 , 78 )
  nB,Ye,T[MeV]: 2.000000e-02  5.000000e-01  3.337885e+00
DEBUG: Calling eos_fixed_dist with nB=2.000000e-02 Ye=5.000000e-01 T=1.691550e-02 A_min=5 A_max=600 NmZ_min=-200 NmZ_max=200 log_xn=-2.581572e+00 log_xp=-1.830207e+00
DEBUG: Before calling msolve(), nB=2.000000e-02, Ye=5.000000e-01, T=1.691550e-02, log_xn=-2.581572e+00, log_xp=-1.830207e+00, A_min=5, A_max=600, NmZ_min=-200, NmZ_max=200
DEBUG: After calling msolve(), nB=2.000000e-02, Ye=5.000000e-01, T=1.691550e-02, log_xn=-2.581572e+00, log_xp=-1.830207e+00, A_min=5, A_max=600, NmZ_min=-200, NmZ_max=200
eos_nuclei::eos_fixed_dist(): Rank 0 finished after solve 0.
DEBUG: Before calling msolve(), nB=2.000000e-02, Ye=5.000000e-01, T=1.691550e-02, log_xn=-2.770801e+00, log_xp=-1.925293e+00, A_min=5, A_max=600, NmZ_min=-200, NmZ_max=200
DEBUG: After calling msolve(), nB=2.000000e-02, Ye=5.000000e-01, T=1.691550e-02, log_xn=-2.770801e+00, log_xp=-1.925293e+00, A_min=5, A_max=600, NmZ_min=-200, NmZ_max=200
eos_nuclei::generate_table(): Point at (nB,Ye,T[MeV])=( 2.00000e-02 , 5.00000e-01 , 3.33789e+00 ), ret= 0 , 46 / 98
eos_nuclei::generate_table(): Computing 47 / 98  ( 249 , 49 , 81 ) -> ( 250 , 49 , 82 )
  nB,Ye,T[MeV]: 2.000000e-02  5.000000e-01  3.995748e+00
DEBUG: Calling eos_fixed_dist with nB=2.000000e-02 Ye=5.000000e-01 T=2.024938e-02 A_min=5 A_max=600 NmZ_min=-200 NmZ_max=200 log_xn=-2.327102e+00 log_xp=-1.724151e+00
DEBUG: Before calling msolve(), nB=2.000000e-02, Ye=5.000000e-01, T=2.024938e-02, log_xn=-2.327102e+00, log_xp=-1.724151e+00, A_min=5, A_max=600, NmZ_min=-200, NmZ_max=200
DEBUG: After calling msolve(), nB=2.000000e-02, Ye=5.000000e-01, T=2.024938e-02, log_xn=-2.327102e+00, log_xp=-1.724151e+00, A_min=5, A_max=600, NmZ_min=-200, NmZ_max=200
eos_nuclei::eos_fixed_dist(): Rank 0 finished after 1 minimizer calls.
DEBUG: Before calling msolve(), nB=2.000000e-02, Ye=5.000000e-01, T=2.024938e-02, log_xn=-2.263088e+00, log_xp=-1.706804e+00, A_min=5, A_max=600, NmZ_min=-200, NmZ_max=200
DEBUG: After calling msolve(), nB=2.000000e-02, Ye=5.000000e-01, T=2.024938e-02, log_xn=-2.263088e+00, log_xp=-1.706804e+00, A_min=5, A_max=600, NmZ_min=-200, NmZ_max=200
eos_nuclei::generate_table(): Point at (nB,Ye,T[MeV])=( 2.00000e-02 , 5.00000e-01 , 3.99575e+00 ), ret= 0 , 47 / 98
eos_nuclei::generate_table(): Computing 48 / 98  ( 249 , 49 , 79 ) -> ( 250 , 50 , 78 )
  nB,Ye,T[MeV]: 2.000000e-02  5.100000e-01  3.337885e+00
DEBUG: Calling eos_fixed_dist with nB=2.000000e-02 Ye=5.100000e-01 T=1.691550e-02 A_min=5 A_max=600 NmZ_min=-200 NmZ_max=200 log_xn=-2.581572e+00 log_xp=-1.830207e+00
DEBUG: Before calling msolve(), nB=2.000000e-02, Ye=5.100000e-01, T=1.691550e-02, log_xn=-2.581572e+00, log_xp=-1.830207e+00, A_min=5, A_max=600, NmZ_min=-200, NmZ_max=200
DEBUG: After calling msolve(), nB=2.000000e-02, Ye=5.100000e-01, T=1.691550e-02, log_xn=-2.581572e+00, log_xp=-1.830207e+00, A_min=5, A_max=600, NmZ_min=-200, NmZ_max=200
eos_nuclei::eos_fixed_dist(): Rank 0 finished after solve 0.
DEBUG: Before calling msolve(), nB=2.000000e-02, Ye=5.100000e-01, T=1.691550e-02, log_xn=-2.961231e+00, log_xp=-1.708539e+00, A_min=5, A_max=600, NmZ_min=-200, NmZ_max=200
DEBUG: After calling msolve(), nB=2.000000e-02, Ye=5.100000e-01, T=1.691550e-02, log_xn=-2.961231e+00, log_xp=-1.708539e+00, A_min=5, A_max=600, NmZ_min=-200, NmZ_max=200
eos_nuclei::generate_table(): Point at (nB,Ye,T[MeV])=( 2.00000e-02 , 5.10000e-01 , 3.33789e+00 ), ret= 0 , 48 / 98
eos_nuclei::generate_table(): Computing 49 / 98  ( 249 , 49 , 81 ) -> ( 250 , 50 , 82 )
  nB,Ye,T[MeV]: 2.000000e-02  5.100000e-01  3.995748e+00
DEBUG: Calling eos_fixed_dist with nB=2.000000e-02 Ye=5.100000e-01 T=2.024938e-02 A_min=5 A_max=600 NmZ_min=-200 NmZ_max=200 log_xn=-2.327102e+00 log_xp=-1.724151e+00
DEBUG: Before calling msolve(), nB=2.000000e-02, Ye=5.100000e-01, T=2.024938e-02, log_xn=-2.327102e+00, log_xp=-1.724151e+00, A_min=5, A_max=600, NmZ_min=-200, NmZ_max=200
DEBUG: After calling msolve(), nB=2.000000e-02, Ye=5.100000e-01, T=2.024938e-02, log_xn=-2.327102e+00, log_xp=-1.724151e+00, A_min=5, A_max=600, NmZ_min=-200, NmZ_max=200
eos_nuclei::eos_fixed_dist(): Rank 0 finished after 1 minimizer calls.
DEBUG: Before calling msolve(), nB=2.000000e-02, Ye=5.100000e-01, T=2.024938e-02, log_xn=-2.378410e+00, log_xp=-1.571009e+00, A_min=5, A_max=600, NmZ_min=-200, NmZ_max=200
DEBUG: After calling msolve(), nB=2.000000e-02, Ye=5.100000e-01, T=2.024938e-02, log_xn=-2.378410e+00, log_xp=-1.571009e+00, A_min=5, A_max=600, NmZ_min=-200, NmZ_max=200
eos_nuclei::generate_table(): Point at (nB,Ye,T[MeV])=( 2.00000e-02 , 5.10000e-01 , 3.99575e+00 ), ret= 0 , 49 / 98
eos_nuclei::generate_table(): Computing 50 / 98  ( 249 , 50 , 79 ) -> ( 250 , 51 , 78 )
  nB,Ye,T[MeV]: 2.000000e-02  5.200000e-01  3.337885e+00
DEBUG: Calling eos_fixed_dist with nB=2.000000e-02 Ye=5.200000e-01 T=1.691550e-02 A_min=5 A_max=600 NmZ_min=-200 NmZ_max=200 log_xn=-2.741914e+00 log_xp=-1.646264e+00
DEBUG: Before calling msolve(), nB=2.000000e-02, Ye=5.200000e-01, T=1.691550e-02, log_xn=-2.741914e+00, log_xp=-1.646264e+00, A_min=5, A_max=600, NmZ_min=-200, NmZ_max=200
DEBUG: After calling msolve(), nB=2.000000e-02, Ye=5.200000e-01, T=1.691550e-02, log_xn=-2.741914e+00, log_xp=-1.646264e+00, A_min=5, A_max=600, NmZ_min=-200, NmZ_max=200
eos_nuclei::eos_fixed_dist(): Rank 0 finished after solve 0.
DEBUG: Before calling msolve(), nB=2.000000e-02, Ye=5.200000e-01, T=1.691550e-02, log_xn=-3.095365e+00, log_xp=-1.546132e+00, A_min=5, A_max=600, NmZ_min=-200, NmZ_max=200
DEBUG: After calling msolve(), nB=2.000000e-02, Ye=5.200000e-01, T=1.691550e-02, log_xn=-3.095365e+00, log_xp=-1.546132e+00, A_min=5, A_max=600, NmZ_min=-200, NmZ_max=200
eos_nuclei::generate_table(): Point at (nB,Ye,T[MeV])=( 2.00000e-02 , 5.20000e-01 , 3.33789e+00 ), ret= 0 , 50 / 98
eos_nuclei::generate_table(): Computing 51 / 98  ( 249 , 50 , 81 ) -> ( 250 , 51 , 82 )
  nB,Ye,T[MeV]: 2.000000e-02  5.200000e-01  3.995748e+00
DEBUG: Calling eos_fixed_dist with nB=2.000000e-02 Ye=5.200000e-01 T=2.024938e-02 A_min=5 A_max=600 NmZ_min=-200 NmZ_max=200 log_xn=-2.450784e+00 log_xp=-1.580088e+00
DEBUG: Before calling msolve(), nB=2.000000e-02, Ye=5.200000e-01, T=2.024938e-02, log_xn=-2.450784e+00, log_xp=-1.580088e+00, A_min=5, A_max=600, NmZ_min=-200, NmZ_max=200
DEBUG: After calling msolve(), nB=2.000000e-02, Ye=5.200000e-01, T=2.024938e-02, log_xn=-2.450784e+00, log_xp=-1.580088e+00, A_min=5, A_max=600, NmZ_min=-200, NmZ_max=200
eos_nuclei::eos_fixed_dist(): Rank 0 finished after 1 minimizer calls.
DEBUG: Before calling msolve(), nB=2.000000e-02, Ye=5.200000e-01, T=2.024938e-02, log_xn=-2.473926e+00, log_xp=-1.451966e+00, A_min=5, A_max=600, NmZ_min=-200, NmZ_max=200
DEBUG: After calling msolve(), nB=2.000000e-02, Ye=5.200000e-01, T=2.024938e-02, log_xn=-2.473926e+00, log_xp=-1.451966e+00, A_min=5, A_max=600, NmZ_min=-200, NmZ_max=200
eos_nuclei::generate_table(): Point at (nB,Ye,T[MeV])=( 2.00000e-02 , 5.20000e-01 , 3.99575e+00 ), ret= 0 , 51 / 98
eos_nuclei::generate_table(): Computing 52 / 98  ( 249 , 51 , 79 ) -> ( 250 , 52 , 78 )
  nB,Ye,T[MeV]: 2.000000e-02  5.300000e-01  3.337885e+00
DEBUG: Calling eos_fixed_dist with nB=2.000000e-02 Ye=5.300000e-01 T=1.691550e-02 A_min=5 A_max=600 NmZ_min=-200 NmZ_max=200 log_xn=-2.862463e+00 log_xp=-1.499959e+00
DEBUG: Before calling msolve(), nB=2.000000e-02, Ye=5.300000e-01, T=1.691550e-02, log_xn=-2.862463e+00, log_xp=-1.499959e+00, A_min=5, A_max=600, NmZ_min=-200, NmZ_max=200
DEBUG: After calling msolve(), nB=2.000000e-02, Ye=5.300000e-01, T=1.691550e-02, log_xn=-2.862463e+00, log_xp=-1.499959e+00, A_min=5, A_max=600, NmZ_min=-200, NmZ_max=200
DEBUG: Before calling msolve(), nB=2.000000e-02, Ye=5.300000e-01, T=1.691550e-02, log_xn=-3.186899e+00, log_xp=-1.427317e+00, A_min=5, A_max=600, NmZ_min=-200, NmZ_max=200
DEBUG: After calling msolve(), nB=2.000000e-02, Ye=5.300000e-01, T=1.691550e-02, log_xn=-3.186899e+00, log_xp=-1.427317e+00, A_min=5, A_max=600, NmZ_min=-200, NmZ_max=200
eos_nuclei::generate_table(): Point at (nB,Ye,T[MeV])=( 2.00000e-02 , 5.30000e-01 , 3.33789e+00 ), ret= 0 , 52 / 98
eos_nuclei::generate_table(): Computing 53 / 98  ( 249 , 51 , 79 ) -> ( 250 , 52 , 79 )
  nB,Ye,T[MeV]: 2.000000e-02  5.300000e-01  3.491428e+00
DEBUG: Calling eos_fixed_dist with nB=2.000000e-02 Ye=5.300000e-01 T=1.769362e-02 A_min=5 A_max=600 NmZ_min=-200 NmZ_max=200 log_xn=-2.862463e+00 log_xp=-1.499959e+00
DEBUG: Before calling msolve(), nB=2.000000e-02, Ye=5.300000e-01, T=1.769362e-02, log_xn=-2.862463e+00, log_xp=-1.499959e+00, A_min=5, A_max=600, NmZ_min=-200, NmZ_max=200
DEBUG: After calling msolve(), nB=2.000000e-02, Ye=5.300000e-01, T=1.769362e-02, log_xn=-2.862463e+00, log_xp=-1.499959e+00, A_min=5, A_max=600, NmZ_min=-200, NmZ_max=200
DEBUG: Before calling msolve(), nB=2.000000e-02, Ye=5.300000e-01, T=1.769362e-02, log_xn=-3.019475e+00, log_xp=-1.407980e+00, A_min=5, A_max=600, NmZ_min=-200, NmZ_max=200
DEBUG: After calling msolve(), nB=2.000000e-02, Ye=5.300000e-01, T=1.769362e-02, log_xn=-3.019475e+00, log_xp=-1.407980e+00, A_min=5, A_max=600, NmZ_min=-200, NmZ_max=200
eos_nuclei::generate_table(): Point at (nB,Ye,T[MeV])=( 2.00000e-02 , 5.30000e-01 , 3.49143e+00 ), ret= 0 , 53 / 98
eos_nuclei::generate_table(): Computing 54 / 98  ( 249 , 51 , 79 ) -> ( 250 , 52 , 80 )
  nB,Ye,T[MeV]: 2.000000e-02  5.300000e-01  3.652034e+00
DEBUG: Calling eos_fixed_dist with nB=2.000000e-02 Ye=5.300000e-01 T=1.850752e-02 A_min=5 A_max=600 NmZ_min=-200 NmZ_max=200 log_xn=-2.862463e+00 log_xp=-1.499959e+00
DEBUG: Before calling msolve(), nB=2.000000e-02, Ye=5.300000e-01, T=1.850752e-02, log_xn=-2.862463e+00, log_xp=-1.499959e+00, A_min=5, A_max=600, NmZ_min=-200, NmZ_max=200
DEBUG: After calling msolve(), nB=2.000000e-02, Ye=5.300000e-01, T=1.850752e-02, log_xn=-2.862463e+00, log_xp=-1.499959e+00, A_min=5, A_max=600, NmZ_min=-200, NmZ_max=200
solve_nuclei: Before free_energy_density - nn_prime=2.000000e-102, np_prime=5.942005e-03, neutron.n=1.000000e-100, proton.n=5.942005e-03, T=1.850752e-02
solve_nuclei: After free_energy_density - mun_gas=-9.318736e-02, mup_gas=6.959768e-03, neutron.mu=-3.798163e-01, proton.mu=3.684968e-03
eos_nuclei::eos_fixed_dist(): Rank 0 finished after 1 minimizer calls.
DEBUG: Before calling msolve(), nB=2.000000e-02, Ye=5.300000e-01, T=1.850752e-02, log_xn=-2.857014e+00, log_xp=-1.389739e+00, A_min=5, A_max=600, NmZ_min=-200, NmZ_max=200
DEBUG: After calling msolve(), nB=2.000000e-02, Ye=5.300000e-01, T=1.850752e-02, log_xn=-2.857014e+00, log_xp=-1.389739e+00, A_min=5, A_max=600, NmZ_min=-200, NmZ_max=200
eos_nuclei::generate_table(): Point at (nB,Ye,T[MeV])=( 2.00000e-02 , 5.30000e-01 , 3.65203e+00 ), ret= 0 , 54 / 98
eos_nuclei::generate_table(): Computing 55 / 98  ( 249 , 51 , 80 ) -> ( 250 , 52 , 81 )
  nB,Ye,T[MeV]: 2.000000e-02  5.300000e-01  3.820027e+00
DEBUG: Calling eos_fixed_dist with nB=2.000000e-02 Ye=5.300000e-01 T=1.935887e-02 A_min=5 A_max=600 NmZ_min=-200 NmZ_max=200 log_xn=-2.705303e+00 log_xp=-1.476974e+00
DEBUG: Before calling msolve(), nB=2.000000e-02, Ye=5.300000e-01, T=1.935887e-02, log_xn=-2.705303e+00, log_xp=-1.476974e+00, A_min=5, A_max=600, NmZ_min=-200, NmZ_max=200
DEBUG: After calling msolve(), nB=2.000000e-02, Ye=5.300000e-01, T=1.935887e-02, log_xn=-2.705303e+00, log_xp=-1.476974e+00, A_min=5, A_max=600, NmZ_min=-200, NmZ_max=200
eos_nuclei::eos_fixed_dist(): Rank 0 finished after solve 1.
DEBUG: Before calling msolve(), nB=2.000000e-02, Ye=5.300000e-01, T=1.935887e-02, log_xn=-2.699089e+00, log_xp=-1.372795e+00, A_min=5, A_max=600, NmZ_min=-200, NmZ_max=200
DEBUG: After calling msolve(), nB=2.000000e-02, Ye=5.300000e-01, T=1.935887e-02, log_xn=-2.699089e+00, log_xp=-1.372795e+00, A_min=5, A_max=600, NmZ_min=-200, NmZ_max=200
eos_nuclei::generate_table(): Point at (nB,Ye,T[MeV])=( 2.00000e-02 , 5.30000e-01 , 3.82003e+00 ), ret= 0 , 55 / 98
eos_nuclei::generate_table(): Computing 56 / 98  ( 249 , 51 , 81 ) -> ( 250 , 52 , 82 )
  nB,Ye,T[MeV]: 2.000000e-02  5.300000e-01  3.995748e+00
DEBUG: Calling eos_fixed_dist with nB=2.000000e-02 Ye=5.300000e-01 T=2.024938e-02 A_min=5 A_max=600 NmZ_min=-200 NmZ_max=200 log_xn=-2.552194e+00 log_xp=-1.455552e+00
DEBUG: Before calling msolve(), nB=2.000000e-02, Ye=5.300000e-01, T=2.024938e-02, log_xn=-2.552194e+00, log_xp=-1.455552e+00, A_min=5, A_max=600, NmZ_min=-200, NmZ_max=200
DEBUG: After calling msolve(), nB=2.000000e-02, Ye=5.300000e-01, T=2.024938e-02, log_xn=-2.552194e+00, log_xp=-1.455552e+00, A_min=5, A_max=600, NmZ_min=-200, NmZ_max=200
DEBUG: Before calling msolve(), nB=2.000000e-02, Ye=5.300000e-01, T=2.024938e-02, log_xn=-2.545438e+00, log_xp=-1.357094e+00, A_min=5, A_max=600, NmZ_min=-200, NmZ_max=200
DEBUG: After calling msolve(), nB=2.000000e-02, Ye=5.300000e-01, T=2.024938e-02, log_xn=-2.545438e+00, log_xp=-1.357094e+00, A_min=5, A_max=600, NmZ_min=-200, NmZ_max=200
eos_nuclei::generate_table(): Point at (nB,Ye,T[MeV])=( 2.00000e-02 , 5.30000e-01 , 3.99575e+00 ), ret= 0 , 56 / 98
eos_nuclei::generate_table(): Computing 57 / 98  ( 250 , 49 , 79 ) -> ( 251 , 48 , 78 )
  nB,Ye,T[MeV]: 2.192956e-02  4.900000e-01  3.337885e+00
DEBUG: Calling eos_fixed_dist with nB=2.192956e-02 Ye=4.900000e-01 T=1.691550e-02 A_min=5 A_max=600 NmZ_min=-200 NmZ_max=200 log_xn=-2.640542e+00 log_xp=-1.866493e+00
DEBUG: Before calling msolve(), nB=2.192956e-02, Ye=4.900000e-01, T=1.691550e-02, log_xn=-2.640542e+00, log_xp=-1.866493e+00, A_min=5, A_max=600, NmZ_min=-200, NmZ_max=200
DEBUG: After calling msolve(), nB=2.192956e-02, Ye=4.900000e-01, T=1.691550e-02, log_xn=-2.640542e+00, log_xp=-1.866493e+00, A_min=5, A_max=600, NmZ_min=-200, NmZ_max=200
DEBUG: Before calling msolve(), nB=2.192956e-02, Ye=4.900000e-01, T=1.691550e-02, log_xn=-2.648977e+00, log_xp=-2.160595e+00, A_min=5, A_max=600, NmZ_min=-200, NmZ_max=200
DEBUG: After calling msolve(), nB=2.192956e-02, Ye=4.900000e-01, T=1.691550e-02, log_xn=-2.648977e+00, log_xp=-2.160595e+00, A_min=5, A_max=600, NmZ_min=-200, NmZ_max=200
eos_nuclei::generate_table(): Point at (nB,Ye,T[MeV])=( 2.19296e-02 , 4.90000e-01 , 3.33789e+00 ), ret= 0 , 57 / 98
eos_nuclei::generate_table(): Computing 58 / 98  ( 250 , 49 , 79 ) -> ( 251 , 48 , 79 )
  nB,Ye,T[MeV]: 2.192956e-02  4.900000e-01  3.491428e+00
DEBUG: Calling eos_fixed_dist with nB=2.192956e-02 Ye=4.900000e-01 T=1.769362e-02 A_min=5 A_max=600 NmZ_min=-200 NmZ_max=200 log_xn=-2.640542e+00 log_xp=-1.866493e+00
DEBUG: Before calling msolve(), nB=2.192956e-02, Ye=4.900000e-01, T=1.769362e-02, log_xn=-2.640542e+00, log_xp=-1.866493e+00, A_min=5, A_max=600, NmZ_min=-200, NmZ_max=200
DEBUG: After calling msolve(), nB=2.192956e-02, Ye=4.900000e-01, T=1.769362e-02, log_xn=-2.640542e+00, log_xp=-1.866493e+00, A_min=5, A_max=600, NmZ_min=-200, NmZ_max=200
DEBUG: Before calling msolve(), nB=2.192956e-02, Ye=4.900000e-01, T=1.769362e-02, log_xn=-2.534316e+00, log_xp=-2.085348e+00, A_min=5, A_max=600, NmZ_min=-200, NmZ_max=200
DEBUG: After calling msolve(), nB=2.192956e-02, Ye=4.900000e-01, T=1.769362e-02, log_xn=-2.534316e+00, log_xp=-2.085348e+00, A_min=5, A_max=600, NmZ_min=-200, NmZ_max=200
eos_nuclei::generate_table(): Point at (nB,Ye,T[MeV])=( 2.19296e-02 , 4.90000e-01 , 3.49143e+00 ), ret= 0 , 58 / 98
eos_nuclei::generate_table(): Computing 59 / 98  ( 250 , 49 , 79 ) -> ( 251 , 48 , 80 )
  nB,Ye,T[MeV]: 2.192956e-02  4.900000e-01  3.652034e+00
DEBUG: Calling eos_fixed_dist with nB=2.192956e-02 Ye=4.900000e-01 T=1.850752e-02 A_min=5 A_max=600 NmZ_min=-200 NmZ_max=200 log_xn=-2.640542e+00 log_xp=-1.866493e+00
DEBUG: Before calling msolve(), nB=2.192956e-02, Ye=4.900000e-01, T=1.850752e-02, log_xn=-2.640542e+00, log_xp=-1.866493e+00, A_min=5, A_max=600, NmZ_min=-200, NmZ_max=200
DEBUG: After calling msolve(), nB=2.192956e-02, Ye=4.900000e-01, T=1.850752e-02, log_xn=-2.640542e+00, log_xp=-1.866493e+00, A_min=5, A_max=600, NmZ_min=-200, NmZ_max=200
eos_nuclei::eos_fixed_dist(): Rank 0 finished after 1 minimizer calls.
DEBUG: Before calling msolve(), nB=2.192956e-02, Ye=4.900000e-01, T=1.850752e-02, log_xn=-2.422146e+00, log_xp=-2.012433e+00, A_min=5, A_max=600, NmZ_min=-200, NmZ_max=200
DEBUG: After calling msolve(), nB=2.192956e-02, Ye=4.900000e-01, T=1.850752e-02, log_xn=-2.422146e+00, log_xp=-2.012433e+00, A_min=5, A_max=600, NmZ_min=-200, NmZ_max=200
eos_nuclei::generate_table(): Point at (nB,Ye,T[MeV])=( 2.19296e-02 , 4.90000e-01 , 3.65203e+00 ), ret= 0 , 59 / 98
eos_nuclei::generate_table(): Computing 60 / 98  ( 250 , 49 , 80 ) -> ( 251 , 48 , 81 )
  nB,Ye,T[MeV]: 2.192956e-02  4.900000e-01  3.820027e+00
DEBUG: Calling eos_fixed_dist with nB=2.192956e-02 Ye=4.900000e-01 T=1.935887e-02 A_min=5 A_max=600 NmZ_min=-200 NmZ_max=200 log_xn=-2.512624e+00 log_xp=-1.810518e+00
DEBUG: Before calling msolve(), nB=2.192956e-02, Ye=4.900000e-01, T=1.935887e-02, log_xn=-2.512624e+00, log_xp=-1.810518e+00, A_min=5, A_max=600, NmZ_min=-200, NmZ_max=200
DEBUG: After calling msolve(), nB=2.192956e-02, Ye=4.900000e-01, T=1.935887e-02, log_xn=-2.512624e+00, log_xp=-1.810518e+00, A_min=5, A_max=600, NmZ_min=-200, NmZ_max=200
eos_nuclei::eos_fixed_dist(): Rank 0 finished after 1 minimizer calls.
DEBUG: Before calling msolve(), nB=2.192956e-02, Ye=4.900000e-01, T=1.935887e-02, log_xn=-2.311734e+00, log_xp=-1.942346e+00, A_min=5, A_max=600, NmZ_min=-200, NmZ_max=200
DEBUG: After calling msolve(), nB=2.192956e-02, Ye=4.900000e-01, T=1.935887e-02, log_xn=-2.311734e+00, log_xp=-1.942346e+00, A_min=5, A_max=600, NmZ_min=-200, NmZ_max=200
eos_nuclei::generate_table(): Point at (nB,Ye,T[MeV])=( 2.19296e-02 , 4.90000e-01 , 3.82003e+00 ), ret= 0 , 60 / 98
eos_nuclei::generate_table(): Computing 61 / 98  ( 250 , 49 , 81 ) -> ( 251 , 48 , 82 )
  nB,Ye,T[MeV]: 2.192956e-02  4.900000e-01  3.995748e+00
DEBUG: Calling eos_fixed_dist with nB=2.192956e-02 Ye=4.900000e-01 T=2.024938e-02 A_min=5 A_max=600 NmZ_min=-200 NmZ_max=200 log_xn=-2.386864e+00 log_xp=-1.757308e+00
DEBUG: Before calling msolve(), nB=2.192956e-02, Ye=4.900000e-01, T=2.024938e-02, log_xn=-2.386864e+00, log_xp=-1.757308e+00, A_min=5, A_max=600, NmZ_min=-200, NmZ_max=200
DEBUG: After calling msolve(), nB=2.192956e-02, Ye=4.900000e-01, T=2.024938e-02, log_xn=-2.386864e+00, log_xp=-1.757308e+00, A_min=5, A_max=600, NmZ_min=-200, NmZ_max=200
eos_nuclei::eos_fixed_dist(): Rank 0 finished after solve 0.
DEBUG: Before calling msolve(), nB=2.192956e-02, Ye=4.900000e-01, T=2.024938e-02, log_xn=-2.202435e+00, log_xp=-1.875523e+00, A_min=5, A_max=600, NmZ_min=-200, NmZ_max=200
DEBUG: After calling msolve(), nB=2.192956e-02, Ye=4.900000e-01, T=2.024938e-02, log_xn=-2.202435e+00, log_xp=-1.875523e+00, A_min=5, A_max=600, NmZ_min=-200, NmZ_max=200
eos_nuclei::generate_table(): Point at (nB,Ye,T[MeV])=( 2.19296e-02 , 4.90000e-01 , 3.99575e+00 ), ret= 0 , 61 / 98
eos_nuclei::generate_table(): Computing 62 / 98  ( 250 , 49 , 79 ) -> ( 251 , 49 , 78 )
  nB,Ye,T[MeV]: 2.192956e-02  5.000000e-01  3.337885e+00
DEBUG: Calling eos_fixed_dist with nB=2.192956e-02 Ye=5.000000e-01 T=1.691550e-02 A_min=5 A_max=600 NmZ_min=-200 NmZ_max=200 log_xn=-2.640542e+00 log_xp=-1.866493e+00
DEBUG: Before calling msolve(), nB=2.192956e-02, Ye=5.000000e-01, T=1.691550e-02, log_xn=-2.640542e+00, log_xp=-1.866493e+00, A_min=5, A_max=600, NmZ_min=-200, NmZ_max=200
DEBUG: After calling msolve(), nB=2.192956e-02, Ye=5.000000e-01, T=1.691550e-02, log_xn=-2.640542e+00, log_xp=-1.866493e+00, A_min=5, A_max=600, NmZ_min=-200, NmZ_max=200
eos_nuclei::eos_fixed_dist(): Rank 0 finished after solve 0.
DEBUG: Before calling msolve(), nB=2.192956e-02, Ye=5.000000e-01, T=1.691550e-02, log_xn=-2.829339e+00, log_xp=-1.963505e+00, A_min=5, A_max=600, NmZ_min=-200, NmZ_max=200
DEBUG: After calling msolve(), nB=2.192956e-02, Ye=5.000000e-01, T=1.691550e-02, log_xn=-2.829339e+00, log_xp=-1.963505e+00, A_min=5, A_max=600, NmZ_min=-200, NmZ_max=200
eos_nuclei::generate_table(): Point at (nB,Ye,T[MeV])=( 2.19296e-02 , 5.00000e-01 , 3.33789e+00 ), ret= 0 , 62 / 98
eos_nuclei::generate_table(): Computing 63 / 98  ( 250 , 49 , 81 ) -> ( 251 , 49 , 82 )
  nB,Ye,T[MeV]: 2.192956e-02  5.000000e-01  3.995748e+00
DEBUG: Calling eos_fixed_dist with nB=2.192956e-02 Ye=5.000000e-01 T=2.024938e-02 A_min=5 A_max=600 NmZ_min=-200 NmZ_max=200 log_xn=-2.386864e+00 log_xp=-1.757308e+00
DEBUG: Before calling msolve(), nB=2.192956e-02, Ye=5.000000e-01, T=2.024938e-02, log_xn=-2.386864e+00, log_xp=-1.757308e+00, A_min=5, A_max=600, NmZ_min=-200, NmZ_max=200
DEBUG: After calling msolve(), nB=2.192956e-02, Ye=5.000000e-01, T=2.024938e-02, log_xn=-2.386864e+00, log_xp=-1.757308e+00, A_min=5, A_max=600, NmZ_min=-200, NmZ_max=200
eos_nuclei::eos_fixed_dist(): Rank 0 finished after 1 minimizer calls.
DEBUG: Before calling msolve(), nB=2.192956e-02, Ye=5.000000e-01, T=2.024938e-02, log_xn=-2.322951e+00, log_xp=-1.739171e+00, A_min=5, A_max=600, NmZ_min=-200, NmZ_max=200
DEBUG: After calling msolve(), nB=2.192956e-02, Ye=5.000000e-01, T=2.024938e-02, log_xn=-2.322951e+00, log_xp=-1.739171e+00, A_min=5, A_max=600, NmZ_min=-200, NmZ_max=200
eos_nuclei::generate_table(): Point at (nB,Ye,T[MeV])=( 2.19296e-02 , 5.00000e-01 , 3.99575e+00 ), ret= 0 , 63 / 98
eos_nuclei::generate_table(): Computing 64 / 98  ( 250 , 49 , 79 ) -> ( 251 , 50 , 78 )
  nB,Ye,T[MeV]: 2.192956e-02  5.100000e-01  3.337885e+00
DEBUG: Calling eos_fixed_dist with nB=2.192956e-02 Ye=5.100000e-01 T=1.691550e-02 A_min=5 A_max=600 NmZ_min=-200 NmZ_max=200 log_xn=-2.640542e+00 log_xp=-1.866493e+00
DEBUG: Before calling msolve(), nB=2.192956e-02, Ye=5.100000e-01, T=1.691550e-02, log_xn=-2.640542e+00, log_xp=-1.866493e+00, A_min=5, A_max=600, NmZ_min=-200, NmZ_max=200
DEBUG: After calling msolve(), nB=2.192956e-02, Ye=5.100000e-01, T=1.691550e-02, log_xn=-2.640542e+00, log_xp=-1.866493e+00, A_min=5, A_max=600, NmZ_min=-200, NmZ_max=200
eos_nuclei::eos_fixed_dist(): Rank 0 finished after solve 0.
DEBUG: Before calling msolve(), nB=2.192956e-02, Ye=5.100000e-01, T=1.691550e-02, log_xn=-3.028191e+00, log_xp=-1.736891e+00, A_min=5, A_max=600, NmZ_min=-200, NmZ_max=200
DEBUG: After calling msolve(), nB=2.192956e-02, Ye=5.100000e-01, T=1.691550e-02, log_xn=-3.028191e+00, log_xp=-1.736891e+00, A_min=5, A_max=600, NmZ_min=-200, NmZ_max=200
eos_nuclei::generate_table(): Point at (nB,Ye,T[MeV])=( 2.19296e-02 , 5.10000e-01 , 3.33789e+00 ), ret= 0 , 64 / 98
eos_nuclei::generate_table(): Computing 65 / 98  ( 250 , 49 , 81 ) -> ( 251 , 50 , 82 )
  nB,Ye,T[MeV]: 2.192956e-02  5.100000e-01  3.995748e+00
DEBUG: Calling eos_fixed_dist with nB=2.192956e-02 Ye=5.100000e-01 T=2.024938e-02 A_min=5 A_max=600 NmZ_min=-200 NmZ_max=200 log_xn=-2.386864e+00 log_xp=-1.757308e+00
DEBUG: Before calling msolve(), nB=2.192956e-02, Ye=5.100000e-01, T=2.024938e-02, log_xn=-2.386864e+00, log_xp=-1.757308e+00, A_min=5, A_max=600, NmZ_min=-200, NmZ_max=200
DEBUG: After calling msolve(), nB=2.192956e-02, Ye=5.100000e-01, T=2.024938e-02, log_xn=-2.386864e+00, log_xp=-1.757308e+00, A_min=5, A_max=600, NmZ_min=-200, NmZ_max=200
eos_nuclei::eos_fixed_dist(): Rank 0 finished after solve 0.
DEBUG: Before calling msolve(), nB=2.192956e-02, Ye=5.100000e-01, T=2.024938e-02, log_xn=-2.445548e+00, log_xp=-1.593999e+00, A_min=5, A_max=600, NmZ_min=-200, NmZ_max=200
DEBUG: After calling msolve(), nB=2.192956e-02, Ye=5.100000e-01, T=2.024938e-02, log_xn=-2.445548e+00, log_xp=-1.593999e+00, A_min=5, A_max=600, NmZ_min=-200, NmZ_max=200
eos_nuclei::generate_table(): Point at (nB,Ye,T[MeV])=( 2.19296e-02 , 5.10000e-01 , 3.99575e+00 ), ret= 0 , 65 / 98
eos_nuclei::generate_table(): Computing 66 / 98  ( 250 , 50 , 79 ) -> ( 251 , 51 , 78 )
  nB,Ye,T[MeV]: 2.192956e-02  5.200000e-01  3.337885e+00
DEBUG: Calling eos_fixed_dist with nB=2.192956e-02 Ye=5.200000e-01 T=1.691550e-02 A_min=5 A_max=600 NmZ_min=-200 NmZ_max=200 log_xn=-2.810162e+00 log_xp=-1.671413e+00
DEBUG: Before calling msolve(), nB=2.192956e-02, Ye=5.200000e-01, T=1.691550e-02, log_xn=-2.810162e+00, log_xp=-1.671413e+00, A_min=5, A_max=600, NmZ_min=-200, NmZ_max=200
DEBUG: After calling msolve(), nB=2.192956e-02, Ye=5.200000e-01, T=1.691550e-02, log_xn=-2.810162e+00, log_xp=-1.671413e+00, A_min=5, A_max=600, NmZ_min=-200, NmZ_max=200
eos_nuclei::eos_fixed_dist(): Rank 0 finished after solve 0.
DEBUG: Before calling msolve(), nB=2.192956e-02, Ye=5.200000e-01, T=1.691550e-02, log_xn=-3.166502e+00, log_xp=-1.568370e+00, A_min=5, A_max=600, NmZ_min=-200, NmZ_max=200
DEBUG: After calling msolve(), nB=2.192956e-02, Ye=5.200000e-01, T=1.691550e-02, log_xn=-3.166502e+00, log_xp=-1.568370e+00, A_min=5, A_max=600, NmZ_min=-200, NmZ_max=200
eos_nuclei::generate_table(): Point at (nB,Ye,T[MeV])=( 2.19296e-02 , 5.20000e-01 , 3.33789e+00 ), ret= 0 , 66 / 98
eos_nuclei::generate_table(): Computing 67 / 98  ( 250 , 50 , 81 ) -> ( 251 , 51 , 82 )
  nB,Ye,T[MeV]: 2.192956e-02  5.200000e-01  3.995748e+00
DEBUG: Calling eos_fixed_dist with nB=2.192956e-02 Ye=5.200000e-01 T=2.024938e-02 A_min=5 A_max=600 NmZ_min=-200 NmZ_max=200 log_xn=-2.518568e+00 log_xp=-1.603204e+00
DEBUG: Before calling msolve(), nB=2.192956e-02, Ye=5.200000e-01, T=2.024938e-02, log_xn=-2.518568e+00, log_xp=-1.603204e+00, A_min=5, A_max=600, NmZ_min=-200, NmZ_max=200
DEBUG: After calling msolve(), nB=2.192956e-02, Ye=5.200000e-01, T=2.024938e-02, log_xn=-2.518568e+00, log_xp=-1.603204e+00, A_min=5, A_max=600, NmZ_min=-200, NmZ_max=200
eos_nuclei::eos_fixed_dist(): Rank 0 finished after solve 1.
DEBUG: Before calling msolve(), nB=2.192956e-02, Ye=5.200000e-01, T=2.024938e-02, log_xn=-2.544335e+00, log_xp=-1.469323e+00, A_min=5, A_max=600, NmZ_min=-200, NmZ_max=200
DEBUG: After calling msolve(), nB=2.192956e-02, Ye=5.200000e-01, T=2.024938e-02, log_xn=-2.544335e+00, log_xp=-1.469323e+00, A_min=5, A_max=600, NmZ_min=-200, NmZ_max=200
eos_nuclei::generate_table(): Point at (nB,Ye,T[MeV])=( 2.19296e-02 , 5.20000e-01 , 3.99575e+00 ), ret= 0 , 67 / 98
eos_nuclei::generate_table(): Computing 68 / 98  ( 250 , 51 , 79 ) -> ( 251 , 52 , 78 )
  nB,Ye,T[MeV]: 2.192956e-02  5.300000e-01  3.337885e+00
DEBUG: Calling eos_fixed_dist with nB=2.192956e-02 Ye=5.300000e-01 T=1.691550e-02 A_min=5 A_max=600 NmZ_min=-200 NmZ_max=200 log_xn=-2.934161e+00 log_xp=-1.519691e+00
DEBUG: Before calling msolve(), nB=2.192956e-02, Ye=5.300000e-01, T=1.691550e-02, log_xn=-2.934161e+00, log_xp=-1.519691e+00, A_min=5, A_max=600, NmZ_min=-200, NmZ_max=200
DEBUG: After calling msolve(), nB=2.192956e-02, Ye=5.300000e-01, T=1.691550e-02, log_xn=-2.934161e+00, log_xp=-1.519691e+00, A_min=5, A_max=600, NmZ_min=-200, NmZ_max=200
DEBUG: Before calling msolve(), nB=2.192956e-02, Ye=5.300000e-01, T=1.691550e-02, log_xn=-3.260761e+00, log_xp=-1.444114e+00, A_min=5, A_max=600, NmZ_min=-200, NmZ_max=200
DEBUG: After calling msolve(), nB=2.192956e-02, Ye=5.300000e-01, T=1.691550e-02, log_xn=-3.260761e+00, log_xp=-1.444114e+00, A_min=5, A_max=600, NmZ_min=-200, NmZ_max=200
eos_nuclei::generate_table(): Point at (nB,Ye,T[MeV])=( 2.19296e-02 , 5.30000e-01 , 3.33789e+00 ), ret= 0 , 68 / 98
eos_nuclei::generate_table(): Computing 69 / 98  ( 250 , 51 , 79 ) -> ( 251 , 52 , 79 )
  nB,Ye,T[MeV]: 2.192956e-02  5.300000e-01  3.491428e+00
DEBUG: Calling eos_fixed_dist with nB=2.192956e-02 Ye=5.300000e-01 T=1.769362e-02 A_min=5 A_max=600 NmZ_min=-200 NmZ_max=200 log_xn=-2.934161e+00 log_xp=-1.519691e+00
DEBUG: Before calling msolve(), nB=2.192956e-02, Ye=5.300000e-01, T=1.769362e-02, log_xn=-2.934161e+00, log_xp=-1.519691e+00, A_min=5, A_max=600, NmZ_min=-200, NmZ_max=200
DEBUG: After calling msolve(), nB=2.192956e-02, Ye=5.300000e-01, T=1.769362e-02, log_xn=-2.934161e+00, log_xp=-1.519691e+00, A_min=5, A_max=600, NmZ_min=-200, NmZ_max=200
DEBUG: Before calling msolve(), nB=2.192956e-02, Ye=5.300000e-01, T=1.769362e-02, log_xn=-3.092278e+00, log_xp=-1.424640e+00, A_min=5, A_max=600, NmZ_min=-200, NmZ_max=200
DEBUG: After calling msolve(), nB=2.192956e-02, Ye=5.300000e-01, T=1.769362e-02, log_xn=-3.092278e+00, log_xp=-1.424640e+00, A_min=5, A_max=600, NmZ_min=-200, NmZ_max=200
eos_nuclei::generate_table(): Point at (nB,Ye,T[MeV])=( 2.19296e-02 , 5.30000e-01 , 3.49143e+00 ), ret= 0 , 69 / 98
eos_nuclei::generate_table(): Computing 70 / 98  ( 250 , 51 , 79 ) -> ( 251 , 52 , 80 )
  nB,Ye,T[MeV]: 2.192956e-02  5.300000e-01  3.652034e+00
DEBUG: Calling eos_fixed_dist with nB=2.192956e-02 Ye=5.300000e-01 T=1.850752e-02 A_min=5 A_max=600 NmZ_min=-200 NmZ_max=200 log_xn=-2.934161e+00 log_xp=-1.519691e+00
DEBUG: Before calling msolve(), nB=2.192956e-02, Ye=5.300000e-01, T=1.850752e-02, log_xn=-2.934161e+00, log_xp=-1.519691e+00, A_min=5, A_max=600, NmZ_min=-200, NmZ_max=200
DEBUG: After calling msolve(), nB=2.192956e-02, Ye=5.300000e-01, T=1.850752e-02, log_xn=-2.934161e+00, log_xp=-1.519691e+00, A_min=5, A_max=600, NmZ_min=-200, NmZ_max=200
eos_nuclei::eos_fixed_dist(): Rank 0 finished after 1 minimizer calls.
DEBUG: Before calling msolve(), nB=2.192956e-02, Ye=5.300000e-01, T=1.850752e-02, log_xn=-2.929018e+00, log_xp=-1.405950e+00, A_min=5, A_max=600, NmZ_min=-200, NmZ_max=200
DEBUG: After calling msolve(), nB=2.192956e-02, Ye=5.300000e-01, T=1.850752e-02, log_xn=-2.929018e+00, log_xp=-1.405950e+00, A_min=5, A_max=600, NmZ_min=-200, NmZ_max=200
eos_nuclei::generate_table(): Point at (nB,Ye,T[MeV])=( 2.19296e-02 , 5.30000e-01 , 3.65203e+00 ), ret= 0 , 70 / 98
eos_nuclei::generate_table(): Computing 71 / 98  ( 250 , 51 , 80 ) -> ( 251 , 52 , 81 )
  nB,Ye,T[MeV]: 2.192956e-02  5.300000e-01  3.820027e+00
DEBUG: Calling eos_fixed_dist with nB=2.192956e-02 Ye=5.300000e-01 T=1.935887e-02 A_min=5 A_max=600 NmZ_min=-200 NmZ_max=200 log_xn=-2.776868e+00 log_xp=-1.495413e+00
DEBUG: Before calling msolve(), nB=2.192956e-02, Ye=5.300000e-01, T=1.935887e-02, log_xn=-2.776868e+00, log_xp=-1.495413e+00, A_min=5, A_max=600, NmZ_min=-200, NmZ_max=200
DEBUG: After calling msolve(), nB=2.192956e-02, Ye=5.300000e-01, T=1.935887e-02, log_xn=-2.776868e+00, log_xp=-1.495413e+00, A_min=5, A_max=600, NmZ_min=-200, NmZ_max=200
eos_nuclei::eos_fixed_dist(): Rank 0 finished after solve 0.
DEBUG: Before calling msolve(), nB=2.192956e-02, Ye=5.300000e-01, T=1.935887e-02, log_xn=-2.770473e+00, log_xp=-1.388359e+00, A_min=5, A_max=600, NmZ_min=-200, NmZ_max=200
DEBUG: After calling msolve(), nB=2.192956e-02, Ye=5.300000e-01, T=1.935887e-02, log_xn=-2.770473e+00, log_xp=-1.388359e+00, A_min=5, A_max=600, NmZ_min=-200, NmZ_max=200
eos_nuclei::generate_table(): Point at (nB,Ye,T[MeV])=( 2.19296e-02 , 5.30000e-01 , 3.82003e+00 ), ret= 0 , 71 / 98
eos_nuclei::generate_table(): Computing 72 / 98  ( 250 , 51 , 81 ) -> ( 251 , 52 , 82 )
  nB,Ye,T[MeV]: 2.192956e-02  5.300000e-01  3.995748e+00
DEBUG: Calling eos_fixed_dist with nB=2.192956e-02 Ye=5.300000e-01 T=2.024938e-02 A_min=5 A_max=600 NmZ_min=-200 NmZ_max=200 log_xn=-2.623421e+00 log_xp=-1.473013e+00
DEBUG: Before calling msolve(), nB=2.192956e-02, Ye=5.300000e-01, T=2.024938e-02, log_xn=-2.623421e+00, log_xp=-1.473013e+00, A_min=5, A_max=600, NmZ_min=-200, NmZ_max=200
DEBUG: After calling msolve(), nB=2.192956e-02, Ye=5.300000e-01, T=2.024938e-02, log_xn=-2.623421e+00, log_xp=-1.473013e+00, A_min=5, A_max=600, NmZ_min=-200, NmZ_max=200
eos_nuclei::eos_fixed_dist(): Rank 0 finished after 1 minimizer calls.
DEBUG: Before calling msolve(), nB=2.192956e-02, Ye=5.300000e-01, T=2.024938e-02, log_xn=-2.616258e+00, log_xp=-1.371992e+00, A_min=5, A_max=600, NmZ_min=-200, NmZ_max=200
DEBUG: After calling msolve(), nB=2.192956e-02, Ye=5.300000e-01, T=2.024938e-02, log_xn=-2.616258e+00, log_xp=-1.371992e+00, A_min=5, A_max=600, NmZ_min=-200, NmZ_max=200
eos_nuclei::generate_table(): Point at (nB,Ye,T[MeV])=( 2.19296e-02 , 5.30000e-01 , 3.99575e+00 ), ret= 0 , 72 / 98
eos_nuclei::generate_table(): Computing 73 / 98  ( 251 , 49 , 79 ) -> ( 252 , 48 , 78 )
  nB,Ye,T[MeV]: 2.404529e-02  4.900000e-01  3.337885e+00
DEBUG: Calling eos_fixed_dist with nB=2.404529e-02 Ye=4.900000e-01 T=1.691550e-02 A_min=5 A_max=600 NmZ_min=-200 NmZ_max=200 log_xn=-2.699456e+00 log_xp=-1.903227e+00
DEBUG: Before calling msolve(), nB=2.404529e-02, Ye=4.900000e-01, T=1.691550e-02, log_xn=-2.699456e+00, log_xp=-1.903227e+00, A_min=5, A_max=600, NmZ_min=-200, NmZ_max=200
DEBUG: After calling msolve(), nB=2.404529e-02, Ye=4.900000e-01, T=1.691550e-02, log_xn=-2.699456e+00, log_xp=-1.903227e+00, A_min=5, A_max=600, NmZ_min=-200, NmZ_max=200
eos_nuclei::eos_fixed_dist(): Rank 0 finished after solve 0.
DEBUG: Before calling msolve(), nB=2.404529e-02, Ye=4.900000e-01, T=1.691550e-02, log_xn=-2.711155e+00, log_xp=-2.195092e+00, A_min=5, A_max=600, NmZ_min=-200, NmZ_max=200
DEBUG: After calling msolve(), nB=2.404529e-02, Ye=4.900000e-01, T=1.691550e-02, log_xn=-2.711155e+00, log_xp=-2.195092e+00, A_min=5, A_max=600, NmZ_min=-200, NmZ_max=200
eos_nuclei::generate_table(): Point at (nB,Ye,T[MeV])=( 2.40453e-02 , 4.90000e-01 , 3.33789e+00 ), ret= 0 , 73 / 98
eos_nuclei::generate_table(): Computing 74 / 98  ( 251 , 49 , 79 ) -> ( 252 , 48 , 79 )
  nB,Ye,T[MeV]: 2.404529e-02  4.900000e-01  3.491428e+00
DEBUG: Calling eos_fixed_dist with nB=2.404529e-02 Ye=4.900000e-01 T=1.769362e-02 A_min=5 A_max=600 NmZ_min=-200 NmZ_max=200 log_xn=-2.699456e+00 log_xp=-1.903227e+00
DEBUG: Before calling msolve(), nB=2.404529e-02, Ye=4.900000e-01, T=1.769362e-02, log_xn=-2.699456e+00, log_xp=-1.903227e+00, A_min=5, A_max=600, NmZ_min=-200, NmZ_max=200
DEBUG: After calling msolve(), nB=2.404529e-02, Ye=4.900000e-01, T=1.769362e-02, log_xn=-2.699456e+00, log_xp=-1.903227e+00, A_min=5, A_max=600, NmZ_min=-200, NmZ_max=200
DEBUG: Before calling msolve(), nB=2.404529e-02, Ye=4.900000e-01, T=1.769362e-02, log_xn=-2.593531e+00, log_xp=-2.122070e+00, A_min=5, A_max=600, NmZ_min=-200, NmZ_max=200
DEBUG: After calling msolve(), nB=2.404529e-02, Ye=4.900000e-01, T=1.769362e-02, log_xn=-2.593531e+00, log_xp=-2.122070e+00, A_min=5, A_max=600, NmZ_min=-200, NmZ_max=200
eos_nuclei::generate_table(): Point at (nB,Ye,T[MeV])=( 2.40453e-02 , 4.90000e-01 , 3.49143e+00 ), ret= 0 , 74 / 98
eos_nuclei::generate_table(): Computing 75 / 98  ( 251 , 49 , 79 ) -> ( 252 , 48 , 80 )
  nB,Ye,T[MeV]: 2.404529e-02  4.900000e-01  3.652034e+00
DEBUG: Calling eos_fixed_dist with nB=2.404529e-02 Ye=4.900000e-01 T=1.850752e-02 A_min=5 A_max=600 NmZ_min=-200 NmZ_max=200 log_xn=-2.699456e+00 log_xp=-1.903227e+00
DEBUG: Before calling msolve(), nB=2.404529e-02, Ye=4.900000e-01, T=1.850752e-02, log_xn=-2.699456e+00, log_xp=-1.903227e+00, A_min=5, A_max=600, NmZ_min=-200, NmZ_max=200
DEBUG: After calling msolve(), nB=2.404529e-02, Ye=4.900000e-01, T=1.850752e-02, log_xn=-2.699456e+00, log_xp=-1.903227e+00, A_min=5, A_max=600, NmZ_min=-200, NmZ_max=200
eos_nuclei::eos_fixed_dist(): Rank 0 finished after 1 minimizer calls.
DEBUG: Before calling msolve(), nB=2.404529e-02, Ye=4.900000e-01, T=1.850752e-02, log_xn=-2.479252e+00, log_xp=-2.050494e+00, A_min=5, A_max=600, NmZ_min=-200, NmZ_max=200
DEBUG: After calling msolve(), nB=2.404529e-02, Ye=4.900000e-01, T=1.850752e-02, log_xn=-2.479252e+00, log_xp=-2.050494e+00, A_min=5, A_max=600, NmZ_min=-200, NmZ_max=200
eos_nuclei::generate_table(): Point at (nB,Ye,T[MeV])=( 2.40453e-02 , 4.90000e-01 , 3.65203e+00 ), ret= 0 , 75 / 98
eos_nuclei::generate_table(): Computing 76 / 98  ( 251 , 49 , 80 ) -> ( 252 , 48 , 81 )
  nB,Ye,T[MeV]: 2.404529e-02  4.900000e-01  3.820027e+00
DEBUG: Calling eos_fixed_dist with nB=2.404529e-02 Ye=4.900000e-01 T=1.935887e-02 A_min=5 A_max=600 NmZ_min=-200 NmZ_max=200 log_xn=-2.571884e+00 log_xp=-1.845790e+00
DEBUG: Before calling msolve(), nB=2.404529e-02, Ye=4.900000e-01, T=1.935887e-02, log_xn=-2.571884e+00, log_xp=-1.845790e+00, A_min=5, A_max=600, NmZ_min=-200, NmZ_max=200
DEBUG: After calling msolve(), nB=2.404529e-02, Ye=4.900000e-01, T=1.935887e-02, log_xn=-2.571884e+00, log_xp=-1.845790e+00, A_min=5, A_max=600, NmZ_min=-200, NmZ_max=200
eos_nuclei::eos_fixed_dist(): Rank 0 finished after 1 minimizer calls.
DEBUG: Before calling msolve(), nB=2.404529e-02, Ye=4.900000e-01, T=1.935887e-02, log_xn=-2.367562e+00, log_xp=-1.980858e+00, A_min=5, A_max=600, NmZ_min=-200, NmZ_max=200
DEBUG: After calling msolve(), nB=2.404529e-02, Ye=4.900000e-01, T=1.935887e-02, log_xn=-2.367562e+00, log_xp=-1.980858e+00, A_min=5, A_max=600, NmZ_min=-200, NmZ_max=200
eos_nuclei::generate_table(): Point at (nB,Ye,T[MeV])=( 2.40453e-02 , 4.90000e-01 , 3.82003e+00 ), ret= 0 , 76 / 98
eos_nuclei::generate_table(): Computing 77 / 98  ( 251 , 49 , 81 ) -> ( 252 , 48 , 82 )
  nB,Ye,T[MeV]: 2.404529e-02  4.900000e-01  3.995748e+00
DEBUG: Calling eos_fixed_dist with nB=2.404529e-02 Ye=4.900000e-01 T=2.024938e-02 A_min=5 A_max=600 NmZ_min=-200 NmZ_max=200 log_xn=-2.446443e+00 log_xp=-1.791125e+00
DEBUG: Before calling msolve(), nB=2.404529e-02, Ye=4.900000e-01, T=2.024938e-02, log_xn=-2.446443e+00, log_xp=-1.791125e+00, A_min=5, A_max=600, NmZ_min=-200, NmZ_max=200
DEBUG: After calling msolve(), nB=2.404529e-02, Ye=4.900000e-01, T=2.024938e-02, log_xn=-2.446443e+00, log_xp=-1.791125e+00, A_min=5, A_max=600, NmZ_min=-200, NmZ_max=200
eos_nuclei::eos_fixed_dist(): Rank 0 finished after 1 minimizer calls.
DEBUG: Before calling msolve(), nB=2.404529e-02, Ye=4.900000e-01, T=2.024938e-02, log_xn=-2.257703e+00, log_xp=-1.913686e+00, A_min=5, A_max=600, NmZ_min=-200, NmZ_max=200
DEBUG: After calling msolve(), nB=2.404529e-02, Ye=4.900000e-01, T=2.024938e-02, log_xn=-2.257703e+00, log_xp=-1.913686e+00, A_min=5, A_max=600, NmZ_min=-200, NmZ_max=200
eos_nuclei::generate_table(): Point at (nB,Ye,T[MeV])=( 2.40453e-02 , 4.90000e-01 , 3.99575e+00 ), ret= 0 , 77 / 98
eos_nuclei::generate_table(): Computing 78 / 98  ( 251 , 49 , 79 ) -> ( 252 , 49 , 78 )
  nB,Ye,T[MeV]: 2.404529e-02  5.000000e-01  3.337885e+00
DEBUG: Calling eos_fixed_dist with nB=2.404529e-02 Ye=5.000000e-01 T=1.691550e-02 A_min=5 A_max=600 NmZ_min=-200 NmZ_max=200 log_xn=-2.699456e+00 log_xp=-1.903227e+00
DEBUG: Before calling msolve(), nB=2.404529e-02, Ye=5.000000e-01, T=1.691550e-02, log_xn=-2.699456e+00, log_xp=-1.903227e+00, A_min=5, A_max=600, NmZ_min=-200, NmZ_max=200
DEBUG: After calling msolve(), nB=2.404529e-02, Ye=5.000000e-01, T=1.691550e-02, log_xn=-2.699456e+00, log_xp=-1.903227e+00, A_min=5, A_max=600, NmZ_min=-200, NmZ_max=200
eos_nuclei::eos_fixed_dist(): Rank 0 finished after solve 0.
DEBUG: Before calling msolve(), nB=2.404529e-02, Ye=5.000000e-01, T=1.691550e-02, log_xn=-2.888371e+00, log_xp=-2.001474e+00, A_min=5, A_max=600, NmZ_min=-200, NmZ_max=200
DEBUG: After calling msolve(), nB=2.404529e-02, Ye=5.000000e-01, T=1.691550e-02, log_xn=-2.888371e+00, log_xp=-2.001474e+00, A_min=5, A_max=600, NmZ_min=-200, NmZ_max=200
eos_nuclei::generate_table(): Point at (nB,Ye,T[MeV])=( 2.40453e-02 , 5.00000e-01 , 3.33789e+00 ), ret= 0 , 78 / 98
eos_nuclei::generate_table(): Computing 79 / 98  ( 251 , 49 , 79 ) -> ( 252 , 49 , 79 )
  nB,Ye,T[MeV]: 2.404529e-02  5.000000e-01  3.491428e+00
DEBUG: Calling eos_fixed_dist with nB=2.404529e-02 Ye=5.000000e-01 T=1.769362e-02 A_min=5 A_max=600 NmZ_min=-200 NmZ_max=200 log_xn=-2.699456e+00 log_xp=-1.903227e+00
DEBUG: Before calling msolve(), nB=2.404529e-02, Ye=5.000000e-01, T=1.769362e-02, log_xn=-2.699456e+00, log_xp=-1.903227e+00, A_min=5, A_max=600, NmZ_min=-200, NmZ_max=200
DEBUG: After calling msolve(), nB=2.404529e-02, Ye=5.000000e-01, T=1.769362e-02, log_xn=-2.699456e+00, log_xp=-1.903227e+00, A_min=5, A_max=600, NmZ_min=-200, NmZ_max=200
DEBUG: Before calling msolve(), nB=2.404529e-02, Ye=5.000000e-01, T=1.769362e-02, log_xn=-2.758663e+00, log_xp=-1.939955e+00, A_min=5, A_max=600, NmZ_min=-200, NmZ_max=200
DEBUG: After calling msolve(), nB=2.404529e-02, Ye=5.000000e-01, T=1.769362e-02, log_xn=-2.758663e+00, log_xp=-1.939955e+00, A_min=5, A_max=600, NmZ_min=-200, NmZ_max=200
eos_nuclei::generate_table(): Point at (nB,Ye,T[MeV])=( 2.40453e-02 , 5.00000e-01 , 3.49143e+00 ), ret= 0 , 79 / 98
eos_nuclei::generate_table(): Computing 80 / 98  ( 251 , 49 , 79 ) -> ( 252 , 49 , 80 )
  nB,Ye,T[MeV]: 2.404529e-02  5.000000e-01  3.652034e+00
DEBUG: Calling eos_fixed_dist with nB=2.404529e-02 Ye=5.000000e-01 T=1.850752e-02 A_min=5 A_max=600 NmZ_min=-200 NmZ_max=200 log_xn=-2.699456e+00 log_xp=-1.903227e+00
DEBUG: Before calling msolve(), nB=2.404529e-02, Ye=5.000000e-01, T=1.850752e-02, log_xn=-2.699456e+00, log_xp=-1.903227e+00, A_min=5, A_max=600, NmZ_min=-200, NmZ_max=200
DEBUG: After calling msolve(), nB=2.404529e-02, Ye=5.000000e-01, T=1.850752e-02, log_xn=-2.699456e+00, log_xp=-1.903227e+00, A_min=5, A_max=600, NmZ_min=-200, NmZ_max=200
eos_nuclei::eos_fixed_dist(): Rank 0 finished after 1 minimizer calls.
DEBUG: Before calling msolve(), nB=2.404529e-02, Ye=5.000000e-01, T=1.850752e-02, log_xn=-2.631291e+00, log_xp=-1.881243e+00, A_min=5, A_max=600, NmZ_min=-200, NmZ_max=200
DEBUG: After calling msolve(), nB=2.404529e-02, Ye=5.000000e-01, T=1.850752e-02, log_xn=-2.631291e+00, log_xp=-1.881243e+00, A_min=5, A_max=600, NmZ_min=-200, NmZ_max=200
eos_nuclei::generate_table(): Point at (nB,Ye,T[MeV])=( 2.40453e-02 , 5.00000e-01 , 3.65203e+00 ), ret= 0 , 80 / 98
eos_nuclei::generate_table(): Computing 81 / 98  ( 251 , 49 , 80 ) -> ( 252 , 49 , 81 )
  nB,Ye,T[MeV]: 2.404529e-02  5.000000e-01  3.820027e+00
DEBUG: Calling eos_fixed_dist with nB=2.404529e-02 Ye=5.000000e-01 T=1.935887e-02 A_min=5 A_max=600 NmZ_min=-200 NmZ_max=200 log_xn=-2.571884e+00 log_xp=-1.845790e+00
DEBUG: Before calling msolve(), nB=2.404529e-02, Ye=5.000000e-01, T=1.935887e-02, log_xn=-2.571884e+00, log_xp=-1.845790e+00, A_min=5, A_max=600, NmZ_min=-200, NmZ_max=200
DEBUG: After calling msolve(), nB=2.404529e-02, Ye=5.000000e-01, T=1.935887e-02, log_xn=-2.571884e+00, log_xp=-1.845790e+00, A_min=5, A_max=600, NmZ_min=-200, NmZ_max=200
eos_nuclei::eos_fixed_dist(): Rank 0 finished after 1 minimizer calls.
DEBUG: Before calling msolve(), nB=2.404529e-02, Ye=5.000000e-01, T=1.935887e-02, log_xn=-2.506054e+00, log_xp=-1.825283e+00, A_min=5, A_max=600, NmZ_min=-200, NmZ_max=200
DEBUG: After calling msolve(), nB=2.404529e-02, Ye=5.000000e-01, T=1.935887e-02, log_xn=-2.506054e+00, log_xp=-1.825283e+00, A_min=5, A_max=600, NmZ_min=-200, NmZ_max=200
eos_nuclei::generate_table(): Point at (nB,Ye,T[MeV])=( 2.40453e-02 , 5.00000e-01 , 3.82003e+00 ), ret= 0 , 81 / 98
eos_nuclei::generate_table(): Computing 82 / 98  ( 251 , 49 , 81 ) -> ( 252 , 49 , 82 )
  nB,Ye,T[MeV]: 2.404529e-02  5.000000e-01  3.995748e+00
DEBUG: Calling eos_fixed_dist with nB=2.404529e-02 Ye=5.000000e-01 T=2.024938e-02 A_min=5 A_max=600 NmZ_min=-200 NmZ_max=200 log_xn=-2.446443e+00 log_xp=-1.791125e+00
DEBUG: Before calling msolve(), nB=2.404529e-02, Ye=5.000000e-01, T=2.024938e-02, log_xn=-2.446443e+00, log_xp=-1.791125e+00, A_min=5, A_max=600, NmZ_min=-200, NmZ_max=200
DEBUG: After calling msolve(), nB=2.404529e-02, Ye=5.000000e-01, T=2.024938e-02, log_xn=-2.446443e+00, log_xp=-1.791125e+00, A_min=5, A_max=600, NmZ_min=-200, NmZ_max=200
eos_nuclei::eos_fixed_dist(): Rank 0 finished after 1 minimizer calls.
DEBUG: Before calling msolve(), nB=2.404529e-02, Ye=5.000000e-01, T=2.024938e-02, log_xn=-2.382762e+00, log_xp=-1.772015e+00, A_min=5, A_max=600, NmZ_min=-200, NmZ_max=200
DEBUG: After calling msolve(), nB=2.404529e-02, Ye=5.000000e-01, T=2.024938e-02, log_xn=-2.382762e+00, log_xp=-1.772015e+00, A_min=5, A_max=600, NmZ_min=-200, NmZ_max=200
eos_nuclei::generate_table(): Point at (nB,Ye,T[MeV])=( 2.40453e-02 , 5.00000e-01 , 3.99575e+00 ), ret= 0 , 82 / 98
eos_nuclei::generate_table(): Computing 83 / 98  ( 251 , 49 , 79 ) -> ( 252 , 50 , 78 )
  nB,Ye,T[MeV]: 2.404529e-02  5.100000e-01  3.337885e+00
DEBUG: Calling eos_fixed_dist with nB=2.404529e-02 Ye=5.100000e-01 T=1.691550e-02 A_min=5 A_max=600 NmZ_min=-200 NmZ_max=200 log_xn=-2.699456e+00 log_xp=-1.903227e+00
DEBUG: Before calling msolve(), nB=2.404529e-02, Ye=5.100000e-01, T=1.691550e-02, log_xn=-2.699456e+00, log_xp=-1.903227e+00, A_min=5, A_max=600, NmZ_min=-200, NmZ_max=200
DEBUG: After calling msolve(), nB=2.404529e-02, Ye=5.100000e-01, T=1.691550e-02, log_xn=-2.699456e+00, log_xp=-1.903227e+00, A_min=5, A_max=600, NmZ_min=-200, NmZ_max=200
eos_nuclei::eos_fixed_dist(): Rank 0 finished after solve 0.
DEBUG: Before calling msolve(), nB=2.404529e-02, Ye=5.100000e-01, T=1.691550e-02, log_xn=-3.094058e+00, log_xp=-1.766859e+00, A_min=5, A_max=600, NmZ_min=-200, NmZ_max=200
DEBUG: After calling msolve(), nB=2.404529e-02, Ye=5.100000e-01, T=1.691550e-02, log_xn=-3.094058e+00, log_xp=-1.766859e+00, A_min=5, A_max=600, NmZ_min=-200, NmZ_max=200
eos_nuclei::generate_table(): Point at (nB,Ye,T[MeV])=( 2.40453e-02 , 5.10000e-01 , 3.33789e+00 ), ret= 0 , 83 / 98
eos_nuclei::generate_table(): Computing 84 / 98  ( 251 , 49 , 79 ) -> ( 252 , 50 , 79 )
  nB,Ye,T[MeV]: 2.404529e-02  5.100000e-01  3.491428e+00
DEBUG: Calling eos_fixed_dist with nB=2.404529e-02 Ye=5.100000e-01 T=1.769362e-02 A_min=5 A_max=600 NmZ_min=-200 NmZ_max=200 log_xn=-2.699456e+00 log_xp=-1.903227e+00
DEBUG: Before calling msolve(), nB=2.404529e-02, Ye=5.100000e-01, T=1.769362e-02, log_xn=-2.699456e+00, log_xp=-1.903227e+00, A_min=5, A_max=600, NmZ_min=-200, NmZ_max=200
DEBUG: After calling msolve(), nB=2.404529e-02, Ye=5.100000e-01, T=1.769362e-02, log_xn=-2.699456e+00, log_xp=-1.903227e+00, A_min=5, A_max=600, NmZ_min=-200, NmZ_max=200
DEBUG: Before calling msolve(), nB=2.404529e-02, Ye=5.100000e-01, T=1.769362e-02, log_xn=-2.944333e+00, log_xp=-1.725504e+00, A_min=5, A_max=600, NmZ_min=-200, NmZ_max=200
DEBUG: After calling msolve(), nB=2.404529e-02, Ye=5.100000e-01, T=1.769362e-02, log_xn=-2.944333e+00, log_xp=-1.725504e+00, A_min=5, A_max=600, NmZ_min=-200, NmZ_max=200
eos_nuclei::generate_table(): Point at (nB,Ye,T[MeV])=( 2.40453e-02 , 5.10000e-01 , 3.49143e+00 ), ret= 0 , 84 / 98
eos_nuclei::generate_table(): Computing 85 / 98  ( 251 , 49 , 79 ) -> ( 252 , 50 , 80 )
  nB,Ye,T[MeV]: 2.404529e-02  5.100000e-01  3.652034e+00
DEBUG: Calling eos_fixed_dist with nB=2.404529e-02 Ye=5.100000e-01 T=1.850752e-02 A_min=5 A_max=600 NmZ_min=-200 NmZ_max=200 log_xn=-2.699456e+00 log_xp=-1.903227e+00
DEBUG: Before calling msolve(), nB=2.404529e-02, Ye=5.100000e-01, T=1.850752e-02, log_xn=-2.699456e+00, log_xp=-1.903227e+00, A_min=5, A_max=600, NmZ_min=-200, NmZ_max=200
DEBUG: After calling msolve(), nB=2.404529e-02, Ye=5.100000e-01, T=1.850752e-02, log_xn=-2.699456e+00, log_xp=-1.903227e+00, A_min=5, A_max=600, NmZ_min=-200, NmZ_max=200
eos_nuclei::eos_fixed_dist(): Rank 0 finished after 1 minimizer calls.
DEBUG: Before calling msolve(), nB=2.404529e-02, Ye=5.100000e-01, T=1.850752e-02, log_xn=-2.797405e+00, log_xp=-1.687147e+00, A_min=5, A_max=600, NmZ_min=-200, NmZ_max=200
DEBUG: After calling msolve(), nB=2.404529e-02, Ye=5.100000e-01, T=1.850752e-02, log_xn=-2.797405e+00, log_xp=-1.687147e+00, A_min=5, A_max=600, NmZ_min=-200, NmZ_max=200
eos_nuclei::generate_table(): Point at (nB,Ye,T[MeV])=( 2.40453e-02 , 5.10000e-01 , 3.65203e+00 ), ret= 0 , 85 / 98
eos_nuclei::generate_table(): Computing 86 / 98  ( 251 , 49 , 80 ) -> ( 252 , 50 , 81 )
  nB,Ye,T[MeV]: 2.404529e-02  5.100000e-01  3.820027e+00
DEBUG: Calling eos_fixed_dist with nB=2.404529e-02 Ye=5.100000e-01 T=1.935887e-02 A_min=5 A_max=600 NmZ_min=-200 NmZ_max=200 log_xn=-2.571884e+00 log_xp=-1.845790e+00
DEBUG: Before calling msolve(), nB=2.404529e-02, Ye=5.100000e-01, T=1.935887e-02, log_xn=-2.571884e+00, log_xp=-1.845790e+00, A_min=5, A_max=600, NmZ_min=-200, NmZ_max=200
DEBUG: After calling msolve(), nB=2.404529e-02, Ye=5.100000e-01, T=1.935887e-02, log_xn=-2.571884e+00, log_xp=-1.845790e+00, A_min=5, A_max=600, NmZ_min=-200, NmZ_max=200
eos_nuclei::eos_fixed_dist(): Rank 0 finished after 1 minimizer calls.
DEBUG: Before calling msolve(), nB=2.404529e-02, Ye=5.100000e-01, T=1.935887e-02, log_xn=-2.653420e+00, log_xp=-1.651312e+00, A_min=5, A_max=600, NmZ_min=-200, NmZ_max=200
DEBUG: After calling msolve(), nB=2.404529e-02, Ye=5.100000e-01, T=1.935887e-02, log_xn=-2.653420e+00, log_xp=-1.651312e+00, A_min=5, A_max=600, NmZ_min=-200, NmZ_max=200
eos_nuclei::generate_table(): Point at (nB,Ye,T[MeV])=( 2.40453e-02 , 5.10000e-01 , 3.82003e+00 ), ret= 0 , 86 / 98
eos_nuclei::generate_table(): Computing 87 / 98  ( 251 , 49 , 81 ) -> ( 252 , 50 , 82 )
  nB,Ye,T[MeV]: 2.404529e-02  5.100000e-01  3.995748e+00
DEBUG: Calling eos_fixed_dist with nB=2.404529e-02 Ye=5.100000e-01 T=2.024938e-02 A_min=5 A_max=600 NmZ_min=-200 NmZ_max=200 log_xn=-2.446443e+00 log_xp=-1.791125e+00
DEBUG: Before calling msolve(), nB=2.404529e-02, Ye=5.100000e-01, T=2.024938e-02, log_xn=-2.446443e+00, log_xp=-1.791125e+00, A_min=5, A_max=600, NmZ_min=-200, NmZ_max=200
DEBUG: After calling msolve(), nB=2.404529e-02, Ye=5.100000e-01, T=2.024938e-02, log_xn=-2.446443e+00, log_xp=-1.791125e+00, A_min=5, A_max=600, NmZ_min=-200, NmZ_max=200
eos_nuclei::eos_fixed_dist(): Rank 0 finished after 1 minimizer calls.
DEBUG: Before calling msolve(), nB=2.404529e-02, Ye=5.100000e-01, T=2.024938e-02, log_xn=-2.512578e+00, log_xp=-1.617426e+00, A_min=5, A_max=600, NmZ_min=-200, NmZ_max=200
DEBUG: After calling msolve(), nB=2.404529e-02, Ye=5.100000e-01, T=2.024938e-02, log_xn=-2.512578e+00, log_xp=-1.617426e+00, A_min=5, A_max=600, NmZ_min=-200, NmZ_max=200
eos_nuclei::generate_table(): Point at (nB,Ye,T[MeV])=( 2.40453e-02 , 5.10000e-01 , 3.99575e+00 ), ret= 0 , 87 / 98
eos_nuclei::generate_table(): Computing 88 / 98  ( 251 , 50 , 79 ) -> ( 252 , 51 , 78 )
  nB,Ye,T[MeV]: 2.404529e-02  5.200000e-01  3.337885e+00
DEBUG: Calling eos_fixed_dist with nB=2.404529e-02 Ye=5.200000e-01 T=1.691550e-02 A_min=5 A_max=600 NmZ_min=-200 NmZ_max=200 log_xn=-2.877688e+00 log_xp=-1.697778e+00
DEBUG: Before calling msolve(), nB=2.404529e-02, Ye=5.200000e-01, T=1.691550e-02, log_xn=-2.877688e+00, log_xp=-1.697778e+00, A_min=5, A_max=600, NmZ_min=-200, NmZ_max=200
DEBUG: After calling msolve(), nB=2.404529e-02, Ye=5.200000e-01, T=1.691550e-02, log_xn=-2.877688e+00, log_xp=-1.697778e+00, A_min=5, A_max=600, NmZ_min=-200, NmZ_max=200
eos_nuclei::eos_fixed_dist(): Rank 0 finished after solve 0.
DEBUG: Before calling msolve(), nB=2.404529e-02, Ye=5.200000e-01, T=1.691550e-02, log_xn=-3.237118e+00, log_xp=-1.591509e+00, A_min=5, A_max=600, NmZ_min=-200, NmZ_max=200
DEBUG: After calling msolve(), nB=2.404529e-02, Ye=5.200000e-01, T=1.691550e-02, log_xn=-3.237118e+00, log_xp=-1.591509e+00, A_min=5, A_max=600, NmZ_min=-200, NmZ_max=200
eos_nuclei::generate_table(): Point at (nB,Ye,T[MeV])=( 2.40453e-02 , 5.20000e-01 , 3.33789e+00 ), ret= 0 , 88 / 98
eos_nuclei::generate_table(): Computing 89 / 98  ( 251 , 50 , 79 ) -> ( 252 , 51 , 79 )
  nB,Ye,T[MeV]: 2.404529e-02  5.200000e-01  3.491428e+00
DEBUG: Calling eos_fixed_dist with nB=2.404529e-02 Ye=5.200000e-01 T=1.769362e-02 A_min=5 A_max=600 NmZ_min=-200 NmZ_max=200 log_xn=-2.877688e+00 log_xp=-1.697778e+00
DEBUG: Before calling msolve(), nB=2.404529e-02, Ye=5.200000e-01, T=1.769362e-02, log_xn=-2.877688e+00, log_xp=-1.697778e+00, A_min=5, A_max=600, NmZ_min=-200, NmZ_max=200
DEBUG: After calling msolve(), nB=2.404529e-02, Ye=5.200000e-01, T=1.769362e-02, log_xn=-2.877688e+00, log_xp=-1.697778e+00, A_min=5, A_max=600, NmZ_min=-200, NmZ_max=200
DEBUG: Before calling msolve(), nB=2.404529e-02, Ye=5.200000e-01, T=1.769362e-02, log_xn=-3.075674e+00, log_xp=-1.562292e+00, A_min=5, A_max=600, NmZ_min=-200, NmZ_max=200
DEBUG: After calling msolve(), nB=2.404529e-02, Ye=5.200000e-01, T=1.769362e-02, log_xn=-3.075674e+00, log_xp=-1.562292e+00, A_min=5, A_max=600, NmZ_min=-200, NmZ_max=200
eos_nuclei::generate_table(): Point at (nB,Ye,T[MeV])=( 2.40453e-02 , 5.20000e-01 , 3.49143e+00 ), ret= 0 , 89 / 98
eos_nuclei::generate_table(): Computing 90 / 98  ( 251 , 50 , 79 ) -> ( 252 , 51 , 80 )
  nB,Ye,T[MeV]: 2.404529e-02  5.200000e-01  3.652034e+00
DEBUG: Calling eos_fixed_dist with nB=2.404529e-02 Ye=5.200000e-01 T=1.850752e-02 A_min=5 A_max=600 NmZ_min=-200 NmZ_max=200 log_xn=-2.877688e+00 log_xp=-1.697778e+00
DEBUG: Before calling msolve(), nB=2.404529e-02, Ye=5.200000e-01, T=1.850752e-02, log_xn=-2.877688e+00, log_xp=-1.697778e+00, A_min=5, A_max=600, NmZ_min=-200, NmZ_max=200
DEBUG: After calling msolve(), nB=2.404529e-02, Ye=5.200000e-01, T=1.850752e-02, log_xn=-2.877688e+00, log_xp=-1.697778e+00, A_min=5, A_max=600, NmZ_min=-200, NmZ_max=200
eos_nuclei::eos_fixed_dist(): Rank 0 finished after 1 minimizer calls.
DEBUG: Before calling msolve(), nB=2.404529e-02, Ye=5.200000e-01, T=1.850752e-02, log_xn=-2.918232e+00, log_xp=-1.535207e+00, A_min=5, A_max=600, NmZ_min=-200, NmZ_max=200
DEBUG: After calling msolve(), nB=2.404529e-02, Ye=5.200000e-01, T=1.850752e-02, log_xn=-2.918232e+00, log_xp=-1.535207e+00, A_min=5, A_max=600, NmZ_min=-200, NmZ_max=200
eos_nuclei::generate_table(): Point at (nB,Ye,T[MeV])=( 2.40453e-02 , 5.20000e-01 , 3.65203e+00 ), ret= 0 , 90 / 98
eos_nuclei::generate_table(): Computing 91 / 98  ( 251 , 50 , 80 ) -> ( 252 , 51 , 81 )
  nB,Ye,T[MeV]: 2.404529e-02  5.200000e-01  3.820027e+00
DEBUG: Calling eos_fixed_dist with nB=2.404529e-02 Ye=5.200000e-01 T=1.935887e-02 A_min=5 A_max=600 NmZ_min=-200 NmZ_max=200 log_xn=-2.730285e+00 log_xp=-1.661293e+00
DEBUG: Before calling msolve(), nB=2.404529e-02, Ye=5.200000e-01, T=1.935887e-02, log_xn=-2.730285e+00, log_xp=-1.661293e+00, A_min=5, A_max=600, NmZ_min=-200, NmZ_max=200
DEBUG: After calling msolve(), nB=2.404529e-02, Ye=5.200000e-01, T=1.935887e-02, log_xn=-2.730285e+00, log_xp=-1.661293e+00, A_min=5, A_max=600, NmZ_min=-200, NmZ_max=200
eos_nuclei::eos_fixed_dist(): Rank 0 finished after 1 minimizer calls.
DEBUG: Before calling msolve(), nB=2.404529e-02, Ye=5.200000e-01, T=1.935887e-02, log_xn=-2.764514e+00, log_xp=-1.510272e+00, A_min=5, A_max=600, NmZ_min=-200, NmZ_max=200
DEBUG: After calling msolve(), nB=2.404529e-02, Ye=5.200000e-01, T=1.935887e-02, log_xn=-2.764514e+00, log_xp=-1.510272e+00, A_min=5, A_max=600, NmZ_min=-200, NmZ_max=200
eos_nuclei::generate_table(): Point at (nB,Ye,T[MeV])=( 2.40453e-02 , 5.20000e-01 , 3.82003e+00 ), ret= 0 , 91 / 98
eos_nuclei::generate_table(): Computing 92 / 98  ( 251 , 50 , 81 ) -> ( 252 , 51 , 82 )
  nB,Ye,T[MeV]: 2.404529e-02  5.200000e-01  3.995748e+00
DEBUG: Calling eos_fixed_dist with nB=2.404529e-02 Ye=5.200000e-01 T=2.024938e-02 A_min=5 A_max=600 NmZ_min=-200 NmZ_max=200 log_xn=-2.586172e+00 log_xp=-1.626895e+00
DEBUG: Before calling msolve(), nB=2.404529e-02, Ye=5.200000e-01, T=2.024938e-02, log_xn=-2.586172e+00, log_xp=-1.626895e+00, A_min=5, A_max=600, NmZ_min=-200, NmZ_max=200
DEBUG: After calling msolve(), nB=2.404529e-02, Ye=5.200000e-01, T=2.024938e-02, log_xn=-2.586172e+00, log_xp=-1.626895e+00, A_min=5, A_max=600, NmZ_min=-200, NmZ_max=200
eos_nuclei::eos_fixed_dist(): Rank 0 finished after 1 minimizer calls.
DEBUG: Before calling msolve(), nB=2.404529e-02, Ye=5.200000e-01, T=2.024938e-02, log_xn=-2.614383e+00, log_xp=-1.487285e+00, A_min=5, A_max=600, NmZ_min=-200, NmZ_max=200
DEBUG: After calling msolve(), nB=2.404529e-02, Ye=5.200000e-01, T=2.024938e-02, log_xn=-2.614383e+00, log_xp=-1.487285e+00, A_min=5, A_max=600, NmZ_min=-200, NmZ_max=200
eos_nuclei::generate_table(): Point at (nB,Ye,T[MeV])=( 2.40453e-02 , 5.20000e-01 , 3.99575e+00 ), ret= 0 , 92 / 98
eos_nuclei::generate_table(): Computing 93 / 98  ( 251 , 51 , 79 ) -> ( 252 , 52 , 78 )
  nB,Ye,T[MeV]: 2.404529e-02  5.300000e-01  3.337885e+00
DEBUG: Calling eos_fixed_dist with nB=2.404529e-02 Ye=5.300000e-01 T=1.691550e-02 A_min=5 A_max=600 NmZ_min=-200 NmZ_max=200 log_xn=-3.005221e+00 log_xp=-1.540495e+00
DEBUG: Before calling msolve(), nB=2.404529e-02, Ye=5.300000e-01, T=1.691550e-02, log_xn=-3.005221e+00, log_xp=-1.540495e+00, A_min=5, A_max=600, NmZ_min=-200, NmZ_max=200
DEBUG: After calling msolve(), nB=2.404529e-02, Ye=5.300000e-01, T=1.691550e-02, log_xn=-3.005221e+00, log_xp=-1.540495e+00, A_min=5, A_max=600, NmZ_min=-200, NmZ_max=200
DEBUG: Before calling msolve(), nB=2.404529e-02, Ye=5.300000e-01, T=1.691550e-02, log_xn=-3.334693e+00, log_xp=-1.460705e+00, A_min=5, A_max=600, NmZ_min=-200, NmZ_max=200
DEBUG: After calling msolve(), nB=2.404529e-02, Ye=5.300000e-01, T=1.691550e-02, log_xn=-3.334693e+00, log_xp=-1.460705e+00, A_min=5, A_max=600, NmZ_min=-200, NmZ_max=200
eos_nuclei::generate_table(): Point at (nB,Ye,T[MeV])=( 2.40453e-02 , 5.30000e-01 , 3.33789e+00 ), ret= 0 , 93 / 98
eos_nuclei::generate_table(): Computing 94 / 98  ( 251 , 51 , 79 ) -> ( 252 , 52 , 79 )
  nB,Ye,T[MeV]: 2.404529e-02  5.300000e-01  3.491428e+00
DEBUG: Calling eos_fixed_dist with nB=2.404529e-02 Ye=5.300000e-01 T=1.769362e-02 A_min=5 A_max=600 NmZ_min=-200 NmZ_max=200 log_xn=-3.005221e+00 log_xp=-1.540495e+00
DEBUG: Before calling msolve(), nB=2.404529e-02, Ye=5.300000e-01, T=1.769362e-02, log_xn=-3.005221e+00, log_xp=-1.540495e+00, A_min=5, A_max=600, NmZ_min=-200, NmZ_max=200
DEBUG: After calling msolve(), nB=2.404529e-02, Ye=5.300000e-01, T=1.769362e-02, log_xn=-3.005221e+00, log_xp=-1.540495e+00, A_min=5, A_max=600, NmZ_min=-200, NmZ_max=200
DEBUG: Before calling msolve(), nB=2.404529e-02, Ye=5.300000e-01, T=1.769362e-02, log_xn=-3.164974e+00, log_xp=-1.441373e+00, A_min=5, A_max=600, NmZ_min=-200, NmZ_max=200
DEBUG: After calling msolve(), nB=2.404529e-02, Ye=5.300000e-01, T=1.769362e-02, log_xn=-3.164974e+00, log_xp=-1.441373e+00, A_min=5, A_max=600, NmZ_min=-200, NmZ_max=200
eos_nuclei::generate_table(): Point at (nB,Ye,T[MeV])=( 2.40453e-02 , 5.30000e-01 , 3.49143e+00 ), ret= 0 , 94 / 98
eos_nuclei::generate_table(): Computing 95 / 98  ( 251 , 51 , 79 ) -> ( 252 , 52 , 80 )
  nB,Ye,T[MeV]: 2.404529e-02  5.300000e-01  3.652034e+00
DEBUG: Calling eos_fixed_dist with nB=2.404529e-02 Ye=5.300000e-01 T=1.850752e-02 A_min=5 A_max=600 NmZ_min=-200 NmZ_max=200 log_xn=-3.005221e+00 log_xp=-1.540495e+00
DEBUG: Before calling msolve(), nB=2.404529e-02, Ye=5.300000e-01, T=1.850752e-02, log_xn=-3.005221e+00, log_xp=-1.540495e+00, A_min=5, A_max=600, NmZ_min=-200, NmZ_max=200
DEBUG: After calling msolve(), nB=2.404529e-02, Ye=5.300000e-01, T=1.850752e-02, log_xn=-3.005221e+00, log_xp=-1.540495e+00, A_min=5, A_max=600, NmZ_min=-200, NmZ_max=200
DEBUG: Before calling msolve(), nB=2.404529e-02, Ye=5.300000e-01, T=1.850752e-02, log_xn=-3.000755e+00, log_xp=-1.422471e+00, A_min=5, A_max=600, NmZ_min=-200, NmZ_max=200
DEBUG: After calling msolve(), nB=2.404529e-02, Ye=5.300000e-01, T=1.850752e-02, log_xn=-3.000755e+00, log_xp=-1.422471e+00, A_min=5, A_max=600, NmZ_min=-200, NmZ_max=200
eos_nuclei::generate_table(): Point at (nB,Ye,T[MeV])=( 2.40453e-02 , 5.30000e-01 , 3.65203e+00 ), ret= 0 , 95 / 98
eos_nuclei::generate_table(): Computing 96 / 98  ( 251 , 51 , 80 ) -> ( 252 , 52 , 81 )
  nB,Ye,T[MeV]: 2.404529e-02  5.300000e-01  3.820027e+00
DEBUG: Calling eos_fixed_dist with nB=2.404529e-02 Ye=5.300000e-01 T=1.935887e-02 A_min=5 A_max=600 NmZ_min=-200 NmZ_max=200 log_xn=-2.847860e+00 log_xp=-1.514819e+00
DEBUG: Before calling msolve(), nB=2.404529e-02, Ye=5.300000e-01, T=1.935887e-02, log_xn=-2.847860e+00, log_xp=-1.514819e+00, A_min=5, A_max=600, NmZ_min=-200, NmZ_max=200
DEBUG: After calling msolve(), nB=2.404529e-02, Ye=5.300000e-01, T=1.935887e-02, log_xn=-2.847860e+00, log_xp=-1.514819e+00, A_min=5, A_max=600, NmZ_min=-200, NmZ_max=200
terminate called after throwing an instance of 'o2scl::exc_runtime_error'
  what():  Error enoprog in file ...nclude/o2scl/mroot_hybrids.h at line 959.
  No progress in function in mroot_hybrids::iterate().
[isospin:981400] *** Process received signal ***
[isospin:981400] Signal: Aborted (6)
[isospin:981400] Signal code:  (-6)
[isospin:981400] [ 0] /lib/x86_64-linux-gnu/libc.so.6(+0x45330)[0x7d4a0ae45330]
[isospin:981400] [ 1] /lib/x86_64-linux-gnu/libc.so.6(pthread_kill+0x11c)[0x7d4a0ae9eb2c]
[isospin:981400] [ 2] /lib/x86_64-linux-gnu/libc.so.6(gsignal+0x1e)[0x7d4a0ae4527e]
[isospin:981400] [ 3] /lib/x86_64-linux-gnu/libc.so.6(abort+0xdf)[0x7d4a0ae288ff]
[isospin:981400] [ 4] /lib/x86_64-linux-gnu/libstdc++.so.6(+0xa5ff5)[0x7d4a0b2a5ff5]
[isospin:981400] [ 5] /lib/x86_64-linux-gnu/libstdc++.so.6(+0xbb0da)[0x7d4a0b2bb0da]
[isospin:981400] [ 6] /lib/x86_64-linux-gnu/libstdc++.so.6(_ZSt10unexpectedv+0x0)[0x7d4a0b2a5a55]
[isospin:981400] [ 7] /lib/x86_64-linux-gnu/libstdc++.so.6(+0xbb391)[0x7d4a0b2bb391]
[isospin:981400] [ 8] /home/dkundu/o2scl/lib/libo2scl.so.0(_ZN5o2scl11err_hnd_cpp3setEPKcS2_ii+0x312)[0x7d4a0c339e22]
[isospin:981400] [ 9] ./eos_nuclei(_ZN5o2scl13mroot_hybridsISt8functionIFimRKN5boost7numeric5ublas6vectorIdNS4_15unbounded_arrayIdSaIdEEEEERS9_EES9_NS4_6matrixIdNS4_15basic_row_majorImlEES8_EES1_IFimSC_mSC_RSI_EEE7iterateEv+0x12c8)[0x5cd96b085028]
[isospin:981400] [10] ./eos_nuclei(_ZN5o2scl13mroot_hybridsISt8functionIFimRKN5boost7numeric5ublas6vectorIdNS4_15unbounded_arrayIdSaIdEEEEERS9_EES9_NS4_6matrixIdNS4_15basic_row_majorImlEES8_EES1_IFimSC_mSC_RSI_EEE9solve_setEmSC_RSE_+0x46)[0x5cd96b086b16]
[isospin:981400] [11] ./eos_nuclei(_ZN5o2scl13mroot_hybridsISt8functionIFimRKN5boost7numeric5ublas6vectorIdNS4_15unbounded_arrayIdSaIdEEEEERS9_EES9_NS4_6matrixIdNS4_15basic_row_majorImlEES8_EES1_IFimSC_mSC_RSI_EEE6msolveEmSC_RSE_+0x83)[0x5cd96b0786c3]
[isospin:981400] [12] /home/dkundu/o2scl/lib/libo2scl.so.0(_ZN5o2scl11eos_had_rmf11calc_temp_eERNS_10fermion_tlIdEES3_dRNS_9thermo_tlIdEE+0xcc8)[0x7d4a0c40d776]
[isospin:981400] [13] ./eos_nuclei(+0x96a49)[0x5cd96affba49]
[isospin:981400] [14] ./eos_nuclei(+0x1d93c1)[0x5cd96b13e3c1]
[isospin:981400] [15] ./eos_nuclei(+0x1da6af)[0x5cd96b13f6af]
[isospin:981400] [16] ./eos_nuclei(+0x20bdf8)[0x5cd96b170df8]
[isospin:981400] [17] ./eos_nuclei(+0x1e9256)[0x5cd96b14e256]
[isospin:981400] [18] ./eos_nuclei(+0x1eee7a)[0x5cd96b153e7a]
[isospin:981400] [19] ./eos_nuclei(+0x208352)[0x5cd96b16d352]
[isospin:981400] [20] /home/dkundu/o2scl/lib/libo2scl.so.0(_ZN5o2scl3cli9call_argsERSt6vectorINS_12cmd_line_argESaIS2_EEi+0x2c8)[0x7d4a0c89befc]
[isospin:981400] [21] /home/dkundu/o2scl/lib/libo2scl.so.0(_ZN5o2scl3cli8run_autoEiPPci+0x196)[0x7d4a0c8a22c6]
[isospin:981400] [22] ./eos_nuclei(+0x7bf40)[0x5cd96afe0f40]
[isospin:981400] [23] /lib/x86_64-linux-gnu/libc.so.6(+0x2a1ca)[0x7d4a0ae2a1ca]
[isospin:981400] [24] /lib/x86_64-linux-gnu/libc.so.6(__libc_start_main+0x8b)[0x7d4a0ae2a28b]
[isospin:981400] [25] ./eos_nuclei(+0x81a35)[0x5cd96afe6a35]
[isospin:981400] *** End of error message ***
